timestamp,hum,tem,part_of_day_Afternoon,part_of_day_Evening,part_of_day_Morning,Not rush hour,Rush hour,distance_to_airport
2018-03-10 08:40:11,58.03,14.88,0.0,0.0,1.0,0.0,1.0,2.4352485138909366
2018-03-10 08:40:17,49.79,15.1,0.0,0.0,1.0,0.0,1.0,2.4352485138909366
2018-03-10 08:40:30,47.88,15.41,0.0,0.0,1.0,0.0,1.0,2.4352485138909366
2018-03-10 08:40:49,59.55,15.76,0.0,0.0,1.0,0.0,1.0,2.4352485138909366
2018-03-10 12:35:26,28.52,26.67,1.0,0.0,0.0,1.0,0.0,2.435854696609512
2018-03-10 12:35:39,28.51,26.74,1.0,0.0,0.0,1.0,0.0,2.435854696609512
2018-03-10 12:35:52,28.55,26.81,1.0,0.0,0.0,1.0,0.0,2.435854696609512
2018-03-10 12:36:41,30.27,25.75,1.0,0.0,0.0,1.0,0.0,2.4479731063093513
2018-03-10 12:36:54,30.12,25.83,1.0,0.0,0.0,1.0,0.0,2.4479731063093513
2018-03-10 12:37:13,28.63,25.89,1.0,0.0,0.0,1.0,0.0,2.4479731063093513
2018-03-10 12:37:26,29.8,26.04,1.0,0.0,0.0,1.0,0.0,2.4479731063093513
2018-03-10 12:37:39,28.93,26.13,1.0,0.0,0.0,1.0,0.0,2.4479731063093513
2018-03-10 12:37:45,31.24,26.16,1.0,0.0,0.0,1.0,0.0,2.4479731063093513
2018-03-10 12:38:11,29.83,26.33,1.0,0.0,0.0,1.0,0.0,2.4479731063093513
2018-03-10 12:38:24,28.28,26.37,1.0,0.0,0.0,1.0,0.0,2.4479731063093513
2018-03-10 12:38:36,27.44,26.35,1.0,0.0,0.0,1.0,0.0,2.4479731063093513
2018-03-10 12:38:56,27.81,26.5,1.0,0.0,0.0,1.0,0.0,2.4479731063093513
2018-03-10 12:39:11,28.93,28.08,1.0,0.0,0.0,1.0,0.0,2.4385699817528184
2018-03-10 12:39:27,27.93,26.71,1.0,0.0,0.0,1.0,0.0,2.4479731063093513
2018-03-10 12:39:40,29.87,26.76,1.0,0.0,0.0,1.0,0.0,2.4479731063093513
2018-03-10 12:39:50,28.16,28.36,1.0,0.0,0.0,1.0,0.0,2.4385699817528184
2018-03-10 12:40:05,28.16,26.88,1.0,0.0,0.0,1.0,0.0,2.4479731063093513
2018-03-10 12:40:18,27.74,26.92,1.0,0.0,0.0,1.0,0.0,2.4479731063093513
2018-03-10 12:40:34,27.96,28.68,1.0,0.0,0.0,1.0,0.0,2.4385699817528184
2018-03-10 12:40:57,28.77,27.06,1.0,0.0,0.0,1.0,0.0,2.43767283389454
2018-03-10 12:41:10,26.74,28.38,1.0,0.0,0.0,1.0,0.0,2.437580381681337
2018-03-10 12:41:16,28.21,27.09,1.0,0.0,0.0,1.0,0.0,2.43767283389454
2018-03-10 12:41:32,29.13,29.11,1.0,0.0,0.0,1.0,0.0,2.4385699817528184
2018-03-10 12:41:46,23.9,28.97,1.0,0.0,0.0,1.0,0.0,2.4398955204658472
2018-03-10 12:42:09,28.41,27.49,1.0,0.0,0.0,1.0,0.0,2.4381077149824675
2018-03-10 12:42:29,25.47,29.49,1.0,0.0,0.0,1.0,0.0,2.4385699817528184
2018-03-10 12:42:32,37.5,27.58,1.0,0.0,0.0,1.0,0.0,2.437915975437635
2018-03-10 12:42:46,25.7,29.07,1.0,0.0,0.0,1.0,0.0,2.437922808368058
2018-03-10 12:43:10,24.12,28.62,1.0,0.0,0.0,1.0,0.0,2.437580381681337
2018-03-10 12:43:17,30.86,27.72,1.0,0.0,0.0,1.0,0.0,2.437915975437635
2018-03-10 12:43:39,25.99,29.98,1.0,0.0,0.0,1.0,0.0,2.4385699817528184
2018-03-10 12:43:59,30.88,25.09,1.0,0.0,0.0,1.0,0.0,2.438655604279454
2018-03-10 12:44:13,24.94,28.83,1.0,0.0,0.0,1.0,0.0,2.437580381681337
2018-03-10 12:44:19,23.99,28.85,1.0,0.0,0.0,1.0,0.0,2.437580381681337
2018-03-10 12:44:31,26.28,28.94,1.0,0.0,0.0,1.0,0.0,2.435854696609512
2018-03-10 12:44:57,24.3,28.99,1.0,0.0,0.0,1.0,0.0,2.437580381681337
2018-03-10 12:45:02,28.99,29.03,1.0,0.0,0.0,1.0,0.0,2.437915975437635
2018-03-10 12:45:16,29.74,25.54,1.0,0.0,0.0,1.0,0.0,2.438655604279454
2018-03-10 12:45:33,29.33,28.24,1.0,0.0,0.0,1.0,0.0,2.43866243514607
2018-03-10 12:45:50,25.9,28.6,1.0,0.0,0.0,1.0,0.0,2.437765286121071
2018-03-10 12:46:02,31.1,26.34,1.0,0.0,0.0,1.0,0.0,2.43866243514607
2018-03-10 12:46:26,30.0,25.92,1.0,0.0,0.0,1.0,0.0,2.438655604279454
2018-03-10 12:46:44,25.87,28.5,1.0,0.0,0.0,1.0,0.0,2.4385631506282945
2018-03-10 12:46:55,32.9,28.55,1.0,0.0,0.0,1.0,0.0,2.437915975437635
2018-03-10 12:47:09,23.35,30.26,1.0,0.0,0.0,1.0,0.0,2.437922808368058
2018-03-10 12:47:29,24.24,29.73,1.0,0.0,0.0,1.0,0.0,2.437915975437635
2018-03-10 12:47:38,23.02,30.14,1.0,0.0,0.0,1.0,0.0,2.439796282498486
2018-03-10 12:47:50,22.79,29.27,1.0,0.0,0.0,1.0,0.0,2.437580381681337
2018-03-10 12:48:13,22.36,30.3,1.0,0.0,0.0,1.0,0.0,2.437922808368058
2018-03-10 12:48:18,25.07,29.26,1.0,0.0,0.0,1.0,0.0,2.437765286121071
2018-03-10 12:48:42,21.78,29.79,1.0,0.0,0.0,1.0,0.0,2.4551329341770964
2018-03-10 12:48:54,25.24,29.87,1.0,0.0,0.0,1.0,0.0,2.435854696609512
2018-03-10 12:49:12,25.44,28.87,1.0,0.0,0.0,1.0,0.0,2.4576464188397735
2018-03-10 12:49:16,25.08,29.41,1.0,0.0,0.0,1.0,0.0,2.4587618560283544
2018-03-10 12:49:44,25.21,28.89,1.0,0.0,0.0,1.0,0.0,2.4783370363203963
2018-03-10 12:49:50,25.6,28.94,1.0,0.0,0.0,1.0,0.0,2.4762854814241204
2018-03-10 12:50:02,24.34,28.79,1.0,0.0,0.0,1.0,0.0,2.455621948964701
2018-03-10 12:50:19,22.63,29.69,1.0,0.0,0.0,1.0,0.0,2.474781828856716
2018-03-10 12:50:38,15.21,29.86,1.0,0.0,0.0,1.0,0.0,2.478140291092678
2018-03-10 12:50:45,22.95,29.72,1.0,0.0,0.0,1.0,0.0,2.4763709656180475
2018-03-10 12:51:11,21.95,29.81,1.0,0.0,0.0,1.0,0.0,2.4902112254357194
2018-03-10 12:51:22,24.8,29.33,1.0,0.0,0.0,1.0,0.0,2.4898924116411223
2018-03-10 12:51:33,23.82,30.54,1.0,0.0,0.0,1.0,0.0,2.435854696609512
2018-03-10 12:51:59,22.61,30.59,1.0,0.0,0.0,1.0,0.0,2.435854696609512
2018-03-10 12:52:07,12.24,30.18,1.0,0.0,0.0,1.0,0.0,2.4908891067486665
2018-03-10 12:52:25,11.26,31.15,1.0,0.0,0.0,1.0,0.0,2.48891232970465
2018-03-10 12:52:34,17.93,30.29,1.0,0.0,0.0,1.0,0.0,2.490559756355914
2018-03-10 12:52:50,18.3,27.85,1.0,0.0,0.0,1.0,0.0,2.4936168219608636
2018-03-10 12:53:11,15.44,29.65,1.0,0.0,0.0,1.0,0.0,2.4898924116411223
2018-03-10 12:53:26,17.17,30.56,1.0,0.0,0.0,1.0,0.0,2.4917053382131655
2018-03-10 12:53:35,19.28,28.11,1.0,0.0,0.0,1.0,0.0,2.4936168219608636
2018-03-10 12:53:53,23.38,28.81,1.0,0.0,0.0,1.0,0.0,2.4770062553805317
2018-03-10 12:54:10,21.25,29.92,1.0,0.0,0.0,1.0,0.0,2.477191450250546
2018-03-10 12:54:24,25.98,29.99,1.0,0.0,0.0,1.0,0.0,2.4974217816874162
2018-03-10 12:54:38,23.48,28.96,1.0,0.0,0.0,1.0,0.0,2.4770062553805317
2018-03-10 12:54:56,28.37,30.12,1.0,0.0,0.0,1.0,0.0,2.4994505221567986
2018-03-10 12:55:10,13.92,30.23,1.0,0.0,0.0,1.0,0.0,2.4920968608642156
2018-03-10 12:55:25,11.77,30.11,1.0,0.0,0.0,1.0,0.0,2.3156868921057883
2018-03-10 12:55:42,20.83,30.97,1.0,0.0,0.0,1.0,0.0,2.4972343080272625
2018-03-10 12:55:45,11.62,29.91,1.0,0.0,0.0,1.0,0.0,2.2968855315726526
2018-03-10 12:56:13,23.41,30.53,1.0,0.0,0.0,1.0,0.0,2.489860828752109
2018-03-10 12:56:26,20.38,30.5,1.0,0.0,0.0,1.0,0.0,2.489860828752109
2018-03-10 12:56:31,15.69,30.41,1.0,0.0,0.0,1.0,0.0,2.497236241276088
2018-03-10 12:56:51,15.05,31.3,1.0,0.0,0.0,1.0,0.0,2.4943778404477213
2018-03-10 12:57:00,12.43,29.62,1.0,0.0,0.0,1.0,0.0,2.4860126212490026
2018-03-10 12:57:25,20.77,31.05,1.0,0.0,0.0,1.0,0.0,2.4925583975970977
2018-03-10 12:57:30,14.8,30.08,1.0,0.0,0.0,1.0,0.0,2.4994505221567986
2018-03-10 12:57:47,14.08,30.37,1.0,0.0,0.0,1.0,0.0,2.4907946858968226
2018-03-10 12:58:00,13.84,30.32,1.0,0.0,0.0,1.0,0.0,2.4907946858968226
2018-03-10 12:58:25,11.33,28.8,1.0,0.0,0.0,1.0,0.0,2.5106593128787877
2018-03-10 12:58:38,12.31,29.22,1.0,0.0,0.0,1.0,0.0,2.3957736055615553
2018-03-10 12:58:51,11.5,28.4,1.0,0.0,0.0,1.0,0.0,2.494740467495143
2018-03-10 12:59:12,10.7,30.71,1.0,0.0,0.0,1.0,0.0,2.5035153523490816
2018-03-10 12:59:26,14.61,29.36,1.0,0.0,0.0,1.0,0.0,2.5203291015670013
2018-03-10 12:59:44,14.5,28.98,1.0,0.0,0.0,1.0,0.0,2.5339997458941355
2018-03-10 12:59:57,19.86,29.04,1.0,0.0,0.0,1.0,0.0,2.5163433137183167
2018-03-10 13:00:05,11.03,29.53,1.0,0.0,0.0,1.0,0.0,2.342034027376985
2018-03-10 13:00:25,12.42,27.48,1.0,0.0,0.0,1.0,0.0,2.5305709777206062
2018-03-10 13:00:42,24.97,28.93,1.0,0.0,0.0,1.0,0.0,4.3358556699372865
2018-03-10 13:00:48,13.57,29.84,1.0,0.0,0.0,1.0,0.0,2.5187142615001497
2018-03-10 13:01:04,12.85,29.77,1.0,0.0,0.0,1.0,0.0,2.528658230679049
2018-03-10 13:01:20,14.6,29.65,1.0,0.0,0.0,1.0,0.0,2.5085657861423964
2018-03-10 13:01:36,14.45,29.41,1.0,0.0,0.0,1.0,0.0,2.512057004167155
2018-03-10 13:01:49,15.11,29.41,1.0,0.0,0.0,1.0,0.0,2.5391532047913548
2018-03-10 13:02:04,17.79,26.84,1.0,0.0,0.0,1.0,0.0,2.538780268613721
2018-03-10 13:02:26,13.66,28.32,1.0,0.0,0.0,1.0,0.0,2.2905058330929955
2018-03-10 13:02:32,13.92,28.32,1.0,0.0,0.0,1.0,0.0,2.2905058330929955
2018-03-10 13:02:47,16.65,29.29,1.0,0.0,0.0,1.0,0.0,2.554730372911031
2018-03-10 13:03:13,16.34,28.92,1.0,0.0,0.0,1.0,0.0,2.329501443735947
2018-03-10 13:03:18,25.79,31.48,1.0,0.0,0.0,1.0,0.0,3.678107271924259
2018-03-10 13:03:30,17.4,27.82,1.0,0.0,0.0,1.0,0.0,2.329501443735947
2018-03-10 13:03:52,19.46,26.86,1.0,0.0,0.0,1.0,0.0,2.6321140300512083
2018-03-10 13:04:06,22.93,28.22,1.0,0.0,0.0,1.0,0.0,2.3091997792743943
2018-03-10 13:04:29,25.95,31.99,1.0,0.0,0.0,1.0,0.0,4.200121813854295
2018-03-10 13:04:30,15.42,31.92,1.0,0.0,0.0,1.0,0.0,4.0976674131742925
2018-03-10 13:04:48,21.62,26.36,1.0,0.0,0.0,1.0,0.0,2.2413893532632847
2018-03-10 13:05:12,18.64,27.95,1.0,0.0,0.0,1.0,0.0,2.2413893532632847
2018-03-10 13:05:27,21.96,26.53,1.0,0.0,0.0,1.0,0.0,3.0059241240232306
2018-03-10 13:05:37,19.22,27.98,1.0,0.0,0.0,1.0,0.0,3.0059241240232306
2018-03-10 13:05:58,27.09,30.02,1.0,0.0,0.0,1.0,0.0,1.7543832844586047
2018-03-10 13:06:00,20.24,29.01,1.0,0.0,0.0,1.0,0.0,3.0432819902412884
2018-03-10 13:06:22,20.07,28.11,1.0,0.0,0.0,1.0,0.0,3.0432819902412884
2018-03-10 13:06:36,27.62,30.48,1.0,0.0,0.0,1.0,0.0,1.7543832844586047
2018-03-10 13:06:51,15.38,32.86,1.0,0.0,0.0,1.0,0.0,5.896566853948247
2018-03-10 13:07:09,26.04,33.1,1.0,0.0,0.0,1.0,0.0,6.380336510088041
2018-03-10 13:07:23,25.61,29.93,1.0,0.0,0.0,1.0,0.0,3.738795881603537
2018-03-10 13:07:35,14.81,33.1,1.0,0.0,0.0,1.0,0.0,6.534095441761179
2018-03-10 13:07:49,27.05,30.07,1.0,0.0,0.0,1.0,0.0,3.738795881603537
2018-03-10 13:08:14,27.34,30.25,1.0,0.0,0.0,1.0,0.0,3.738795881603537
2018-03-10 13:08:27,22.44,27.63,1.0,0.0,0.0,1.0,0.0,3.8250706538868244
2018-03-10 13:08:37,23.47,28.11,1.0,0.0,0.0,1.0,0.0,4.189202141760108
2018-03-10 13:08:59,23.65,27.81,1.0,0.0,0.0,1.0,0.0,4.378995611094132
2018-03-10 13:09:03,14.61,33.56,1.0,0.0,0.0,1.0,0.0,7.344179258929614
2018-03-10 13:09:23,14.47,33.65,1.0,0.0,0.0,1.0,0.0,7.339977803583585
2018-03-10 13:09:38,15.07,30.58,1.0,0.0,0.0,1.0,0.0,4.378995611094132
2018-03-10 13:09:54,23.81,31.19,1.0,0.0,0.0,1.0,0.0,1.5696855563344994
2018-03-10 13:10:03,11.73,28.85,1.0,0.0,0.0,1.0,0.0,4.378698703452472
2018-03-10 13:10:19,12.69,28.22,1.0,0.0,0.0,1.0,0.0,4.37169083307886
2018-03-10 13:10:33,13.43,27.49,1.0,0.0,0.0,1.0,0.0,4.385558038153976
2018-03-10 13:10:54,16.21,26.71,1.0,0.0,0.0,1.0,0.0,4.376393572292736
2018-03-10 13:11:04,15.77,27.8,1.0,0.0,0.0,1.0,0.0,4.414609455458254
2018-03-10 13:11:18,20.08,27.07,1.0,0.0,0.0,1.0,0.0,4.406991936534646
2018-03-10 13:11:30,26.96,33.37,1.0,0.0,0.0,1.0,0.0,1.1419046819525982
2018-03-10 13:11:56,27.12,33.57,1.0,0.0,0.0,1.0,0.0,1.1419046819525982
2018-03-10 13:12:02,26.44,33.62,1.0,0.0,0.0,1.0,0.0,1.1419046819525982
2018-03-10 13:12:20,17.69,28.57,1.0,0.0,0.0,1.0,0.0,4.380174682573826
2018-03-10 13:12:35,20.42,26.77,1.0,0.0,0.0,1.0,0.0,4.356008212805443
2018-03-10 13:12:48,20.67,26.74,1.0,0.0,0.0,1.0,0.0,4.368281605994992
2018-03-10 13:13:12,18.31,28.37,1.0,0.0,0.0,1.0,0.0,4.361979815532601
2018-03-10 13:13:23,12.35,34.61,1.0,0.0,0.0,1.0,0.0,7.777777484930765
2018-03-10 13:13:34,17.99,29.02,1.0,0.0,0.0,1.0,0.0,4.345641550072273
2018-03-10 13:13:48,12.75,34.69,1.0,0.0,0.0,1.0,0.0,7.7897814078587615
2018-03-10 13:14:14,17.5,25.96,1.0,0.0,0.0,1.0,0.0,4.364290832967672
2018-03-10 13:14:20,9.21,34.73,1.0,0.0,0.0,1.0,0.0,7.84500927173194
2018-03-10 13:14:33,8.96,34.58,1.0,0.0,0.0,1.0,0.0,7.851489014415064
2018-03-10 13:14:45,9.09,33.81,1.0,0.0,0.0,1.0,0.0,7.659955813745124
2018-03-10 13:15:05,8.75,33.15,1.0,0.0,0.0,1.0,0.0,8.149185848318359
2018-03-10 13:15:18,9.14,33.37,1.0,0.0,0.0,1.0,0.0,8.064817865766045
2018-03-10 13:15:39,8.33,33.58,1.0,0.0,0.0,1.0,0.0,0.5975654938329926
2018-03-10 13:15:51,16.55,27.18,1.0,0.0,0.0,1.0,0.0,4.258676725829186
2018-03-10 13:16:02,9.42,31.26,1.0,0.0,0.0,1.0,0.0,7.635210593661408
2018-03-10 13:16:22,9.18,31.29,1.0,0.0,0.0,1.0,0.0,7.761835716639253
2018-03-10 13:16:30,16.14,28.0,1.0,0.0,0.0,1.0,0.0,4.228915517205594
2018-03-10 13:16:46,13.27,27.63,1.0,0.0,0.0,1.0,0.0,8.242267702682112
2018-03-10 13:17:02,14.59,26.99,1.0,0.0,0.0,1.0,0.0,4.2178566601202725
2018-03-10 13:17:23,11.66,29.43,1.0,0.0,0.0,1.0,0.0,0.6114243077826395
2018-03-10 13:17:33,12.21,28.92,1.0,0.0,0.0,1.0,0.0,8.250987987256222
2018-03-10 13:17:51,16.66,25.28,1.0,0.0,0.0,1.0,0.0,4.224811360415739
2018-03-10 13:18:11,10.79,28.64,1.0,0.0,0.0,1.0,0.0,0.6090852029063
2018-03-10 13:18:20,8.78,31.47,1.0,0.0,0.0,1.0,0.0,0.6064894332803431
2018-03-10 13:18:30,7.43,32.96,1.0,0.0,0.0,1.0,0.0,0.6104578933352918
2018-03-10 13:18:51,8.44,34.0,1.0,0.0,0.0,1.0,0.0,0.5845617162033516
2018-03-10 13:19:14,16.25,25.01,1.0,0.0,0.0,1.0,0.0,4.215681519664449
2018-03-10 13:19:29,14.88,26.45,1.0,0.0,0.0,1.0,0.0,4.218120827235515
2018-03-10 13:19:32,16.55,24.9,1.0,0.0,0.0,1.0,0.0,8.077343566576747
2018-03-10 13:19:51,9.17,29.91,1.0,0.0,0.0,1.0,0.0,0.6029504862500945
2018-03-10 13:20:10,11.55,31.99,1.0,0.0,0.0,1.0,0.0,6.562494777977636
2018-03-10 13:20:29,17.23,24.46,1.0,0.0,0.0,1.0,0.0,8.180154404030837
2018-03-10 13:20:42,9.78,30.6,1.0,0.0,0.0,1.0,0.0,0.5516760113682729
2018-03-10 13:20:59,15.24,25.8,1.0,0.0,0.0,1.0,0.0,4.295041943634552
2018-03-10 13:21:00,7.77,32.97,1.0,0.0,0.0,1.0,0.0,0.5319557866515262
2018-03-10 13:21:22,16.8,26.9,1.0,0.0,0.0,1.0,0.0,8.170124383443616
2018-03-10 13:21:30,10.99,30.46,1.0,0.0,0.0,1.0,0.0,6.561198814682662
2018-03-10 13:21:53,12.31,29.33,1.0,0.0,0.0,1.0,0.0,6.557436361774693
2018-03-10 13:22:10,16.33,24.84,1.0,0.0,0.0,1.0,0.0,4.346374132426924
2018-03-10 13:22:17,11.42,29.06,1.0,0.0,0.0,1.0,0.0,6.559601536470483
2018-03-10 13:22:34,12.52,28.68,1.0,0.0,0.0,1.0,0.0,0.4645657900414865
2018-03-10 13:22:56,21.14,30.1,1.0,0.0,0.0,1.0,0.0,6.581424584538609
2018-03-10 13:23:07,15.53,24.98,1.0,0.0,0.0,1.0,0.0,4.336055612742
2018-03-10 13:23:21,14.42,26.96,1.0,0.0,0.0,1.0,0.0,7.798906652307752
2018-03-10 13:23:38,18.9,21.26,1.0,0.0,0.0,1.0,0.0,4.34770209624458
2018-03-10 13:23:45,11.0,28.94,1.0,0.0,0.0,1.0,0.0,6.552600073019653
2018-03-10 13:24:06,14.33,27.33,1.0,0.0,0.0,1.0,0.0,8.074002297972415
2018-03-10 13:24:21,16.31,25.13,1.0,0.0,0.0,1.0,0.0,4.4027398792859955
2018-03-10 13:24:44,11.4,27.53,1.0,0.0,0.0,1.0,0.0,6.497515734645212
2018-03-10 13:24:51,10.45,28.46,1.0,0.0,0.0,1.0,0.0,0.48796210372670357
2018-03-10 13:25:08,17.61,22.56,1.0,0.0,0.0,1.0,0.0,4.325566665630216
2018-03-10 13:25:20,11.74,26.52,1.0,0.0,0.0,1.0,0.0,0.5421059474750068
2018-03-10 13:25:39,11.91,26.36,1.0,0.0,0.0,1.0,0.0,0.6326198320466847
2018-03-10 13:25:50,13.27,26.07,1.0,0.0,0.0,1.0,0.0,6.444307056134374
2018-03-10 13:26:04,11.02,28.74,1.0,0.0,0.0,1.0,0.0,0.5295221766929283
2018-03-10 13:26:28,11.13,27.28,1.0,0.0,0.0,1.0,0.0,0.5284920569369496
2018-03-10 13:26:36,17.26,23.94,1.0,0.0,0.0,1.0,0.0,8.287966993137797
2018-03-10 13:26:49,17.66,23.97,1.0,0.0,0.0,1.0,0.0,8.314985130999867
2018-03-10 13:27:06,7.99,33.39,1.0,0.0,0.0,1.0,0.0,9.084021424804622
2018-03-10 13:27:20,14.2,25.6,1.0,0.0,0.0,1.0,0.0,6.412929403565367
2018-03-10 13:27:37,11.46,27.86,1.0,0.0,0.0,1.0,0.0,0.5284920569369496
2018-03-10 13:27:59,14.34,25.5,1.0,0.0,0.0,1.0,0.0,6.412929403565367
2018-03-10 13:28:01,11.46,32.95,1.0,0.0,0.0,1.0,0.0,9.12766685043406
2018-03-10 13:28:23,16.77,27.28,1.0,0.0,0.0,1.0,0.0,6.415877078405183
2018-03-10 13:28:37,11.91,28.32,1.0,0.0,0.0,1.0,0.0,9.093141160033307
2018-03-10 13:28:46,18.89,22.21,1.0,0.0,0.0,1.0,0.0,4.428773863318193
2018-03-10 13:29:11,10.35,30.4,1.0,0.0,0.0,1.0,0.0,9.11578491286777
2018-03-10 13:29:21,11.49,27.46,1.0,0.0,0.0,1.0,0.0,0.6136938506364713
2018-03-10 13:29:42,19.79,22.28,1.0,0.0,0.0,1.0,0.0,4.426168895742351
2018-03-10 13:29:47,15.5,24.12,1.0,0.0,0.0,1.0,0.0,6.307181084689147
2018-03-10 13:30:01,13.57,26.41,1.0,0.0,0.0,1.0,0.0,9.11545045103934
2018-03-10 13:30:16,16.76,24.6,1.0,0.0,0.0,1.0,0.0,7.737589704041918
2018-03-10 13:30:32,17.99,24.23,1.0,0.0,0.0,1.0,0.0,4.399462901733327
2018-03-10 13:30:52,14.81,25.34,1.0,0.0,0.0,1.0,0.0,9.11545045103934
2018-03-10 13:31:11,14.95,25.17,1.0,0.0,0.0,1.0,0.0,9.11545045103934
2018-03-10 13:31:17,12.01,27.09,1.0,0.0,0.0,1.0,0.0,0.6902080817465376
2018-03-10 13:31:37,20.37,21.41,1.0,0.0,0.0,1.0,0.0,4.3877077283351245
2018-03-10 13:31:46,15.0,25.25,1.0,0.0,0.0,1.0,0.0,9.118154728136304
2018-03-10 13:32:03,16.09,23.46,1.0,0.0,0.0,1.0,0.0,0.7066056484648048
2018-03-10 13:32:25,15.46,25.16,1.0,0.0,0.0,1.0,0.0,9.116946663966175
2018-03-10 13:32:32,11.93,27.9,1.0,0.0,0.0,1.0,0.0,9.124893535532165
2018-03-10 13:32:47,19.95,23.02,1.0,0.0,0.0,1.0,0.0,6.115663855233561
2018-03-10 13:33:03,18.71,23.9,1.0,0.0,0.0,1.0,0.0,4.334063411197615
2018-03-10 13:33:24,13.82,27.07,1.0,0.0,0.0,1.0,0.0,9.11651644615846
2018-03-10 13:33:39,13.58,26.25,1.0,0.0,0.0,1.0,0.0,0.7976439551206825
2018-03-10 13:33:45,20.89,21.69,1.0,0.0,0.0,1.0,0.0,4.328966549363029
2018-03-10 13:34:10,20.67,22.79,1.0,0.0,0.0,1.0,0.0,6.025103136686922
2018-03-10 13:34:20,16.99,24.76,1.0,0.0,0.0,1.0,0.0,6.0655620980179705
2018-03-10 13:34:32,21.18,22.78,1.0,0.0,0.0,1.0,0.0,7.7535882542385615
2018-03-10 13:34:58,19.96,24.01,1.0,0.0,0.0,1.0,0.0,4.39145423068817
2018-03-10 13:35:01,18.91,21.74,1.0,0.0,0.0,1.0,0.0,0.8071496895002548
2018-03-10 13:35:15,20.39,22.46,1.0,0.0,0.0,1.0,0.0,7.829700331130686
2018-03-10 13:35:37,16.03,24.22,1.0,0.0,0.0,1.0,0.0,5.956528240895195
2018-03-10 13:35:48,19.82,21.74,1.0,0.0,0.0,1.0,0.0,8.003464649050217
2018-03-10 13:36:07,22.22,22.02,1.0,0.0,0.0,1.0,0.0,7.817794007899528
2018-03-10 13:36:28,15.9,24.62,1.0,0.0,0.0,1.0,0.0,9.080044371755674
2018-03-10 13:36:30,23.0,22.81,1.0,0.0,0.0,1.0,0.0,5.939349940048237
2018-03-10 13:36:47,18.34,22.75,1.0,0.0,0.0,1.0,0.0,5.9558108640866365
2018-03-10 13:37:11,31.26,18.02,1.0,0.0,0.0,1.0,0.0,7.852415302740642
2018-03-10 13:37:22,20.69,23.52,1.0,0.0,0.0,1.0,0.0,4.485790492114706
2018-03-10 13:37:36,20.86,21.06,1.0,0.0,0.0,1.0,0.0,4.501925919133199
2018-03-10 13:37:49,30.57,17.95,1.0,0.0,0.0,1.0,0.0,7.858456047682822
2018-03-10 13:38:00,18.25,23.03,1.0,0.0,0.0,1.0,0.0,0.8920033640342161
2018-03-10 13:38:20,21.8,21.02,1.0,0.0,0.0,1.0,0.0,8.983832923862883
2018-03-10 13:38:40,16.21,24.12,1.0,0.0,0.0,1.0,0.0,4.584371451856753
2018-03-10 13:38:47,21.19,21.12,1.0,0.0,0.0,1.0,0.0,0.9356825073474897
2018-03-10 13:39:00,22.1,21.73,1.0,0.0,0.0,1.0,0.0,7.683462898903763
2018-03-10 13:39:16,16.59,24.08,1.0,0.0,0.0,1.0,0.0,0.9355709863112979
2018-03-10 13:39:43,21.27,22.64,1.0,0.0,0.0,1.0,0.0,4.431702098529923
2018-03-10 13:39:53,20.4,21.28,1.0,0.0,0.0,1.0,0.0,8.877506978317982
2018-03-10 13:40:04,20.28,21.86,1.0,0.0,0.0,1.0,0.0,0.9356825073474897
2018-03-10 13:40:29,24.66,21.43,1.0,0.0,0.0,1.0,0.0,7.817794007899528
2018-03-10 13:40:42,19.98,21.61,1.0,0.0,0.0,1.0,0.0,1.0017291563657447
2018-03-10 13:40:45,18.68,22.64,1.0,0.0,0.0,1.0,0.0,5.9143391726117285
2018-03-10 13:41:01,21.22,22.13,1.0,0.0,0.0,1.0,0.0,5.9179926482882275
2018-03-10 13:41:21,17.01,24.35,1.0,0.0,0.0,1.0,0.0,4.616947387503926
2018-03-10 13:41:33,32.61,17.45,1.0,0.0,0.0,1.0,0.0,7.733491181817748
2018-03-10 13:41:52,25.07,21.42,1.0,0.0,0.0,1.0,0.0,7.709411926829788
2018-03-10 13:42:14,21.53,20.1,1.0,0.0,0.0,1.0,0.0,4.616532687962657
2018-03-10 13:42:17,15.79,25.33,1.0,0.0,0.0,1.0,0.0,1.0931007866282334
2018-03-10 13:42:34,18.75,22.98,1.0,0.0,0.0,1.0,0.0,5.9143391726117285
2018-03-10 13:42:59,22.93,19.78,1.0,0.0,0.0,1.0,0.0,8.69873424084086
2018-03-10 13:43:01,25.53,21.12,1.0,0.0,0.0,1.0,0.0,4.631847744487574
2018-03-10 13:43:22,23.35,21.42,1.0,0.0,0.0,1.0,0.0,7.7739158547163685
2018-03-10 13:43:41,17.35,24.05,1.0,0.0,0.0,1.0,0.0,4.654456749185802
2018-03-10 13:43:46,24.43,19.39,1.0,0.0,0.0,1.0,0.0,1.1600191211278836
2018-03-10 13:44:06,15.76,25.86,1.0,0.0,0.0,1.0,0.0,1.1592632920311967
2018-03-10 13:44:28,23.74,19.1,1.0,0.0,0.0,1.0,0.0,8.572091190030017
2018-03-10 13:44:30,21.48,21.05,1.0,0.0,0.0,1.0,0.0,1.1592632920311967
2018-03-10 13:44:51,15.85,25.89,1.0,0.0,0.0,1.0,0.0,1.3363819215984292
2018-03-10 13:45:07,21.63,20.73,1.0,0.0,0.0,1.0,0.0,4.675166151720624
2018-03-10 13:45:29,21.66,21.62,1.0,0.0,0.0,1.0,0.0,7.7129571788412425
2018-03-10 13:45:38,28.55,16.99,1.0,0.0,0.0,1.0,0.0,8.47489298543877
2018-03-10 13:45:54,24.1,19.47,1.0,0.0,0.0,1.0,0.0,8.449800886135352
2018-03-10 13:46:09,17.56,23.58,1.0,0.0,0.0,1.0,0.0,4.684744616818318
2018-03-10 13:46:15,22.06,21.47,1.0,0.0,0.0,1.0,0.0,7.7113127803975905
2018-03-10 13:46:30,24.5,18.42,1.0,0.0,0.0,1.0,0.0,8.412925728377713
2018-03-10 13:46:52,24.51,19.83,1.0,0.0,0.0,1.0,0.0,4.69625230846672
2018-03-10 13:47:12,24.95,18.47,1.0,0.0,0.0,1.0,0.0,8.407791877167648
2018-03-10 13:47:28,22.37,19.92,1.0,0.0,0.0,1.0,0.0,4.694171634884865
2018-03-10 13:47:30,21.5,21.78,1.0,0.0,0.0,1.0,0.0,7.631186888207729
2018-03-10 13:47:47,17.55,23.28,1.0,0.0,0.0,1.0,0.0,4.704995543625229
2018-03-10 13:48:12,20.68,22.83,1.0,0.0,0.0,1.0,0.0,5.929828956619008
2018-03-10 13:48:20,16.04,25.84,1.0,0.0,0.0,1.0,0.0,5.92561400099443
2018-03-10 13:48:30,27.56,17.87,1.0,0.0,0.0,1.0,0.0,7.669112328095858
2018-03-10 13:48:58,23.21,19.08,1.0,0.0,0.0,1.0,0.0,4.699027550181271
2018-03-10 13:49:11,23.15,19.05,1.0,0.0,0.0,1.0,0.0,4.713865662876049
2018-03-10 13:49:18,22.92,19.15,1.0,0.0,0.0,1.0,0.0,4.713865662876049
2018-03-10 13:49:43,15.84,25.58,1.0,0.0,0.0,1.0,0.0,5.911270494165663
2018-03-10 13:49:52,25.58,18.78,1.0,0.0,0.0,1.0,0.0,1.2262082454252712
2018-03-10 13:50:12,28.63,17.28,1.0,0.0,0.0,1.0,0.0,8.283048960439766
2018-03-10 13:50:24,24.65,19.08,1.0,0.0,0.0,1.0,0.0,7.715675679552999
2018-03-10 13:50:37,25.07,18.24,1.0,0.0,0.0,1.0,0.0,1.2482077361994188
2018-03-10 13:50:46,26.92,18.42,1.0,0.0,0.0,1.0,0.0,8.253297772623155
2018-03-10 13:51:08,26.25,19.22,1.0,0.0,0.0,1.0,0.0,8.247025466615343
2018-03-10 13:51:28,26.07,19.12,1.0,0.0,0.0,1.0,0.0,7.700907101099292
2018-03-10 13:51:40,21.69,21.22,1.0,0.0,0.0,1.0,0.0,7.6468418167405865
2018-03-10 13:51:56,28.87,17.61,1.0,0.0,0.0,1.0,0.0,8.238514501722538
2018-03-10 13:52:05,22.68,20.63,1.0,0.0,0.0,1.0,0.0,4.614723259758875
2018-03-10 13:52:20,22.92,20.36,1.0,0.0,0.0,1.0,0.0,1.2482077361994188
2018-03-10 13:52:43,26.15,17.3,1.0,0.0,0.0,1.0,0.0,4.576982771766312
2018-03-10 13:52:50,23.92,20.69,1.0,0.0,0.0,1.0,0.0,7.684110448123153
2018-03-10 13:53:09,15.56,25.67,1.0,0.0,0.0,1.0,0.0,6.133983169698249
2018-03-10 13:53:26,25.42,18.87,1.0,0.0,0.0,1.0,0.0,8.158987228480639
2018-03-10 13:53:39,22.09,20.63,1.0,0.0,0.0,1.0,0.0,1.2482077361989263
2018-03-10 13:53:56,20.51,21.89,1.0,0.0,0.0,1.0,0.0,1.2482077361994188
2018-03-10 13:54:13,22.83,21.32,1.0,0.0,0.0,1.0,0.0,7.673742458818743
2018-03-10 13:54:20,24.72,19.23,1.0,0.0,0.0,1.0,0.0,4.492713297994488
2018-03-10 13:54:42,29.33,16.95,1.0,0.0,0.0,1.0,0.0,7.685845283101674
2018-03-10 13:54:46,27.58,18.67,1.0,0.0,0.0,1.0,0.0,8.052917857103706
2018-03-10 13:55:11,25.82,20.8,1.0,0.0,0.0,1.0,0.0,7.6832262612982865
2018-03-10 13:55:17,22.4,19.84,1.0,0.0,0.0,1.0,0.0,8.103091847106072
2018-03-10 13:55:41,21.87,19.71,1.0,0.0,0.0,1.0,0.0,4.546452754591034
2018-03-10 13:55:52,28.04,17.21,1.0,0.0,0.0,1.0,0.0,7.73170526039793
2018-03-10 13:56:09,14.84,26.45,1.0,0.0,0.0,1.0,0.0,1.2474454761590306
2018-03-10 13:56:27,16.26,25.11,1.0,0.0,0.0,1.0,0.0,6.308223797378475
2018-03-10 13:56:34,20.55,21.57,1.0,0.0,0.0,1.0,0.0,7.731992942346926
2018-03-10 13:56:47,22.73,20.98,1.0,0.0,0.0,1.0,0.0,7.7414456637956945
2018-03-10 13:57:11,23.57,19.5,1.0,0.0,0.0,1.0,0.0,8.08345642115708
2018-03-10 13:57:21,17.51,24.1,1.0,0.0,0.0,1.0,0.0,1.2482077361994188
2018-03-10 13:57:31,27.38,16.91,1.0,0.0,0.0,1.0,0.0,4.439283112103185
2018-03-10 13:57:45,31.62,15.78,1.0,0.0,0.0,1.0,0.0,4.4578988482
2018-03-10 13:58:13,17.54,25.14,1.0,0.0,0.0,1.0,0.0,6.32378317172605
2018-03-10 13:58:22,23.44,19.58,1.0,0.0,0.0,1.0,0.0,7.790818389273929
2018-03-10 13:58:32,18.51,25.16,1.0,0.0,0.0,1.0,0.0,6.338321609264168
2018-03-10 13:58:52,16.57,24.02,1.0,0.0,0.0,1.0,0.0,1.2565830279011139
2018-03-10 13:59:07,32.35,16.34,1.0,0.0,0.0,1.0,0.0,4.417906197295404
2018-03-10 13:59:26,21.84,21.77,1.0,0.0,0.0,1.0,0.0,7.889847371496656
2018-03-10 13:59:39,33.98,18.39,1.0,0.0,0.0,1.0,0.0,4.413383536262604
2018-03-10 13:59:55,17.18,24.59,1.0,0.0,0.0,1.0,0.0,1.2644751585726068
2018-03-10 14:00:03,21.92,21.12,1.0,0.0,0.0,1.0,0.0,1.2675158746612483
2018-03-10 14:00:26,16.25,25.85,1.0,0.0,0.0,1.0,0.0,6.47893774192849
2018-03-10 14:00:44,37.8,17.81,1.0,0.0,0.0,1.0,0.0,4.410230193833024
2018-03-10 14:00:51,22.84,19.94,1.0,0.0,0.0,1.0,0.0,8.069222573022238
2018-03-10 14:01:06,24.5,18.43,1.0,0.0,0.0,1.0,0.0,7.922949494222116
2018-03-10 14:01:21,23.1,19.59,1.0,0.0,0.0,1.0,0.0,8.107430783596817
2018-03-10 14:01:44,16.78,24.3,1.0,0.0,0.0,1.0,0.0,8.109146141698849
2018-03-10 14:01:47,20.53,21.37,1.0,0.0,0.0,1.0,0.0,7.941895263987531
2018-03-10 14:02:09,15.78,25.74,1.0,0.0,0.0,1.0,0.0,6.606169744419451
2018-03-10 14:02:25,21.15,21.17,1.0,0.0,0.0,1.0,0.0,7.946185606208982
2018-03-10 14:02:36,25.35,18.93,1.0,0.0,0.0,1.0,0.0,7.953034779983052
2018-03-10 14:02:49,22.68,20.11,1.0,0.0,0.0,1.0,0.0,8.12967638125081
2018-03-10 14:03:04,32.68,20.72,1.0,0.0,0.0,1.0,0.0,4.378172620762143
2018-03-10 14:03:24,23.72,18.99,1.0,0.0,0.0,1.0,0.0,7.969521478886198
2018-03-10 14:03:40,23.46,19.9,1.0,0.0,0.0,1.0,0.0,8.146626454835117
2018-03-10 14:03:47,21.17,21.02,1.0,0.0,0.0,1.0,0.0,1.3273361095390663
2018-03-10 14:04:12,28.66,18.2,1.0,0.0,0.0,1.0,0.0,7.967956122144992
2018-03-10 14:04:22,19.94,22.46,1.0,0.0,0.0,1.0,0.0,6.614173587240143
2018-03-10 14:04:33,26.69,18.42,1.0,0.0,0.0,1.0,0.0,8.208957443210664
2018-03-10 14:04:58,23.08,22.16,1.0,0.0,0.0,1.0,0.0,6.612311763798888
2018-03-10 14:05:05,24.64,19.77,1.0,0.0,0.0,1.0,0.0,8.25215088020332
2018-03-10 14:05:19,23.93,20.31,1.0,0.0,0.0,1.0,0.0,8.264137154514353
2018-03-10 14:05:37,24.25,19.94,1.0,0.0,0.0,1.0,0.0,8.309005280238548
2018-03-10 14:05:52,25.07,21.64,1.0,0.0,0.0,1.0,0.0,4.348841432668667
2018-03-10 14:06:08,17.61,24.52,1.0,0.0,0.0,1.0,0.0,1.4368161636323353
2018-03-10 14:06:21,21.18,21.14,1.0,0.0,0.0,1.0,0.0,1.4593030871459896
2018-03-10 14:06:36,35.96,24.73,1.0,0.0,0.0,1.0,0.0,4.352428385541813
2018-03-10 14:06:55,27.0,17.9,1.0,0.0,0.0,1.0,0.0,8.193321728949899
2018-03-10 14:07:02,25.49,22.27,1.0,0.0,0.0,1.0,0.0,4.339370524271284
2018-03-10 14:07:28,28.94,25.1,1.0,0.0,0.0,1.0,0.0,4.3158286592036985
2018-03-10 14:07:42,23.07,23.52,1.0,0.0,0.0,1.0,0.0,4.287364197533707
2018-03-10 14:07:49,36.08,15.75,1.0,0.0,0.0,1.0,0.0,8.208788743984183
2018-03-10 14:08:14,12.84,27.91,1.0,0.0,0.0,1.0,0.0,1.7032895232007952
2018-03-10 14:08:22,21.45,21.13,1.0,0.0,0.0,1.0,0.0,8.343284707387967
2018-03-10 14:08:43,23.07,20.37,1.0,0.0,0.0,1.0,0.0,6.7740575364455085
2018-03-10 14:08:51,23.35,21.41,1.0,0.0,0.0,1.0,0.0,6.514818595927636
2018-03-10 14:09:10,24.63,24.13,1.0,0.0,0.0,1.0,0.0,4.2266707886801065
2018-03-10 14:09:28,24.25,20.21,1.0,0.0,0.0,1.0,0.0,6.514818595927636
2018-03-10 14:09:43,21.22,22.3,1.0,0.0,0.0,1.0,0.0,8.346090287810949
2018-03-10 14:09:57,36.39,14.43,1.0,0.0,0.0,1.0,0.0,8.19615217146039
2018-03-10 14:10:00,30.16,16.9,1.0,0.0,0.0,1.0,0.0,8.202103752266785
2018-03-10 14:10:23,34.11,14.84,1.0,0.0,0.0,1.0,0.0,8.19615217146039
2018-03-10 14:10:37,17.53,24.18,1.0,0.0,0.0,1.0,0.0,1.4368161636323353
2018-03-10 14:10:47,21.42,23.29,1.0,0.0,0.0,1.0,0.0,4.154701952987629
2018-03-10 14:11:00,19.74,25.86,1.0,0.0,0.0,1.0,0.0,4.166476153251912
2018-03-10 14:11:16,23.69,20.76,1.0,0.0,0.0,1.0,0.0,6.438121883030612
2018-03-10 14:11:42,23.58,21.75,1.0,0.0,0.0,1.0,0.0,8.37564485035891
2018-03-10 14:11:45,26.96,18.96,1.0,0.0,0.0,1.0,0.0,8.20236358023441
2018-03-10 14:12:11,19.36,22.96,1.0,0.0,0.0,1.0,0.0,4.171664515886807
2018-03-10 14:12:16,19.47,24.47,1.0,0.0,0.0,1.0,0.0,4.16077589198121
2018-03-10 14:12:32,21.61,21.49,1.0,0.0,0.0,1.0,0.0,1.7032895232007952
2018-03-10 14:12:56,18.71,23.04,1.0,0.0,0.0,1.0,0.0,4.17106288522339
2018-03-10 14:13:03,36.7,14.24,1.0,0.0,0.0,1.0,0.0,8.199881394451133
2018-03-10 14:13:18,29.14,17.75,1.0,0.0,0.0,1.0,0.0,6.785339620122622
2018-03-10 14:13:34,18.16,23.4,1.0,0.0,0.0,1.0,0.0,4.215453154783924
2018-03-10 14:13:57,23.04,21.08,1.0,0.0,0.0,1.0,0.0,8.408544716990411
2018-03-10 14:14:08,19.17,22.3,1.0,0.0,0.0,1.0,0.0,1.4042847548579689
2018-03-10 14:14:22,24.49,19.71,1.0,0.0,0.0,1.0,0.0,8.434538286018121
2018-03-10 14:14:31,15.86,24.27,1.0,0.0,0.0,1.0,0.0,1.7032895232007952
2018-03-10 14:14:52,17.3,24.78,1.0,0.0,0.0,1.0,0.0,4.222060745628785
2018-03-10 14:15:02,18.48,23.61,1.0,0.0,0.0,1.0,0.0,4.235220285277943
2018-03-10 14:15:29,18.21,22.75,1.0,0.0,0.0,1.0,0.0,4.226636390103661
2018-03-10 14:15:33,23.38,22.0,1.0,0.0,0.0,1.0,0.0,8.432979448223723
2018-03-10 14:15:48,17.05,24.47,1.0,0.0,0.0,1.0,0.0,4.269490338624137
2018-03-10 14:16:11,17.36,22.56,1.0,0.0,0.0,1.0,0.0,1.7032895232007952
2018-03-10 14:16:29,24.25,20.47,1.0,0.0,0.0,1.0,0.0,8.434403417933016
2018-03-10 14:16:40,19.82,22.98,1.0,0.0,0.0,1.0,0.0,8.41697542471074
2018-03-10 14:16:51,32.07,18.9,1.0,0.0,0.0,1.0,0.0,6.441640459394303
2018-03-10 14:17:07,17.05,24.18,1.0,0.0,0.0,1.0,0.0,4.333362511519236
2018-03-10 14:17:22,16.19,23.95,1.0,0.0,0.0,1.0,0.0,1.7032895232007952
2018-03-10 14:17:40,33.27,15.1,1.0,0.0,0.0,1.0,0.0,8.483646287978502
2018-03-10 14:17:57,21.75,20.65,1.0,0.0,0.0,1.0,0.0,4.342275154329224
2018-03-10 14:18:01,20.01,23.3,1.0,0.0,0.0,1.0,0.0,8.474875546446222
2018-03-10 14:18:19,30.79,16.15,1.0,0.0,0.0,1.0,0.0,8.499844195912837
2018-03-10 14:18:42,30.33,17.99,1.0,0.0,0.0,1.0,0.0,6.847681296300969
2018-03-10 14:18:56,17.98,24.0,1.0,0.0,0.0,1.0,0.0,4.384418570507068
2018-03-10 14:19:04,15.25,24.15,1.0,0.0,0.0,1.0,0.0,1.71017474436951
2018-03-10 14:19:29,23.76,20.82,1.0,0.0,0.0,1.0,0.0,8.535193815988324
2018-03-10 14:19:35,19.69,21.39,1.0,0.0,0.0,1.0,0.0,1.7032895232007952
2018-03-10 14:19:56,28.27,16.49,1.0,0.0,0.0,1.0,0.0,8.555486673579226
2018-03-10 14:20:00,19.56,21.41,1.0,0.0,0.0,1.0,0.0,1.4368161636323353
2018-03-10 14:20:16,27.83,19.77,1.0,0.0,0.0,1.0,0.0,6.438121883030612
2018-03-10 14:20:41,26.79,19.83,1.0,0.0,0.0,1.0,0.0,6.438121883030612
2018-03-10 14:20:48,25.13,17.8,1.0,0.0,0.0,1.0,0.0,8.59244435197572
2018-03-10 14:21:03,22.2,20.11,1.0,0.0,0.0,1.0,0.0,4.3802507811269065
2018-03-10 14:21:15,23.69,21.4,1.0,0.0,0.0,1.0,0.0,8.607993039220297
2018-03-10 14:21:30,25.02,20.5,1.0,0.0,0.0,1.0,0.0,1.4368161636323353
2018-03-10 14:21:55,19.51,23.55,1.0,0.0,0.0,1.0,0.0,8.602012782343397
2018-03-10 14:22:01,23.4,19.42,1.0,0.0,0.0,1.0,0.0,4.332334601867036
2018-03-10 14:22:25,23.02,20.99,1.0,0.0,0.0,1.0,0.0,8.649636669143959
2018-03-10 14:22:40,17.79,23.09,1.0,0.0,0.0,1.0,0.0,4.320656688222549
2018-03-10 14:22:47,22.9,20.27,1.0,0.0,0.0,1.0,0.0,1.4344858248052488
2018-03-10 14:23:00,27.07,19.63,1.0,0.0,0.0,1.0,0.0,6.438121883030612
2018-03-10 14:23:27,27.09,20.03,1.0,0.0,0.0,1.0,0.0,6.906390350837628
2018-03-10 14:23:33,26.12,20.07,1.0,0.0,0.0,1.0,0.0,6.906390350837628
2018-03-10 14:23:46,28.03,16.08,1.0,0.0,0.0,1.0,0.0,8.649969543846577
2018-03-10 14:24:06,18.52,23.29,1.0,0.0,0.0,1.0,0.0,8.55993780047769
2018-03-10 14:24:15,24.11,18.86,1.0,0.0,0.0,1.0,0.0,4.291878111827119
2018-03-10 14:24:40,25.46,20.91,1.0,0.0,0.0,1.0,0.0,1.4368161636323353
2018-03-10 14:24:46,22.06,21.39,1.0,0.0,0.0,1.0,0.0,4.309196551370855
2018-03-10 14:25:04,19.64,22.75,1.0,0.0,0.0,1.0,0.0,8.615965235057981
2018-03-10 14:25:26,22.83,20.09,1.0,0.0,0.0,1.0,0.0,1.7032895232007952
2018-03-10 14:25:30,21.87,21.98,1.0,0.0,0.0,1.0,0.0,8.622625882076207
2018-03-10 14:25:52,22.56,20.08,1.0,0.0,0.0,1.0,0.0,1.71017474436951
2018-03-10 14:26:02,20.34,21.37,1.0,0.0,0.0,1.0,0.0,1.550145845087242
2018-03-10 14:26:18,19.97,22.49,1.0,0.0,0.0,1.0,0.0,8.768601523924076
2018-03-10 14:26:44,20.33,20.07,1.0,0.0,0.0,1.0,0.0,1.8375633887363867
2018-03-10 14:26:55,21.42,19.8,1.0,0.0,0.0,1.0,0.0,1.4368161636323353
2018-03-10 14:27:10,20.23,22.24,1.0,0.0,0.0,1.0,0.0,8.684337031365658
2018-03-10 14:27:23,28.87,16.0,1.0,0.0,0.0,1.0,0.0,8.535411430375387
2018-03-10 14:27:38,22.53,19.75,1.0,0.0,0.0,1.0,0.0,4.1609515411082345
2018-03-10 14:27:49,30.3,15.84,1.0,0.0,0.0,1.0,0.0,8.438263190181996
2018-03-10 14:28:00,24.2,18.19,1.0,0.0,0.0,1.0,0.0,4.188374322726538
2018-03-10 14:28:17,25.78,18.15,1.0,0.0,0.0,1.0,0.0,4.177593669663001
2018-03-10 14:28:37,22.02,20.08,1.0,0.0,0.0,1.0,0.0,1.4368161636323353
2018-03-10 14:28:53,26.33,18.78,1.0,0.0,0.0,1.0,0.0,6.355977554118096
2018-03-10 14:29:08,18.68,22.95,1.0,0.0,0.0,1.0,0.0,1.3665530686471425
2018-03-10 14:29:28,22.17,20.17,1.0,0.0,0.0,1.0,0.0,1.3665530686471425
2018-03-10 14:29:41,21.47,20.4,1.0,0.0,0.0,1.0,0.0,1.7032895232007952
2018-03-10 14:29:57,26.47,18.63,1.0,0.0,0.0,1.0,0.0,6.355977554118096
2018-03-10 14:30:13,22.32,20.58,1.0,0.0,0.0,1.0,0.0,8.587780745590315
2018-03-10 14:30:18,24.77,19.29,1.0,0.0,0.0,1.0,0.0,4.1033089685012
2018-03-10 14:30:34,25.35,18.55,1.0,0.0,0.0,1.0,0.0,8.289526568604964
2018-03-10 14:30:53,25.14,18.75,1.0,0.0,0.0,1.0,0.0,7.721673934405229
2018-03-10 14:31:09,26.97,19.16,1.0,0.0,0.0,1.0,0.0,6.514373654323154
2018-03-10 14:31:22,25.97,19.53,1.0,0.0,0.0,1.0,0.0,4.0746899632681295
2018-03-10 14:31:30,23.86,19.71,1.0,0.0,0.0,1.0,0.0,8.652127851846107
2018-03-10 14:31:58,28.86,18.06,1.0,0.0,0.0,1.0,0.0,4.127397586527795
2018-03-10 14:32:11,29.36,17.25,1.0,0.0,0.0,1.0,0.0,6.579831886788698
2018-03-10 14:32:26,26.18,19.84,1.0,0.0,0.0,1.0,0.0,4.105475309381178
2018-03-10 14:32:42,20.68,20.37,1.0,0.0,0.0,1.0,0.0,1.7032895232007952
2018-03-10 14:32:45,21.8,22.06,1.0,0.0,0.0,1.0,0.0,8.309507064739877
2018-03-10 14:33:03,38.01,19.76,1.0,0.0,0.0,1.0,0.0,8.325839819074792
2018-03-10 14:33:28,40.33,20.2,1.0,0.0,0.0,1.0,0.0,8.369583460010162
2018-03-10 14:33:37,26.68,19.89,1.0,0.0,0.0,1.0,0.0,4.153260174908598
2018-03-10 14:33:47,26.51,19.39,1.0,0.0,0.0,1.0,0.0,4.122475947825584
2018-03-10 14:34:08,24.75,20.64,1.0,0.0,0.0,1.0,0.0,4.120142912577334
2018-03-10 14:34:15,29.51,22.63,1.0,0.0,0.0,1.0,0.0,4.1010681601697305
2018-03-10 14:34:32,30.98,16.99,1.0,0.0,0.0,1.0,0.0,6.502782257494397
2018-03-10 14:34:55,21.13,23.59,1.0,0.0,0.0,1.0,0.0,1.7032895232007952
2018-03-10 14:35:11,31.02,16.72,1.0,0.0,0.0,1.0,0.0,6.586262562563327
2018-03-10 14:35:21,23.17,19.94,1.0,0.0,0.0,1.0,0.0,8.82550007856084
2018-03-10 14:35:32,25.53,21.25,1.0,0.0,0.0,1.0,0.0,4.153342582300748
2018-03-10 14:35:50,24.06,21.5,1.0,0.0,0.0,1.0,0.0,4.134699409646894
2018-03-10 14:36:00,25.74,19.31,1.0,0.0,0.0,1.0,0.0,1.7032895232007952
2018-03-10 14:36:24,21.75,23.05,1.0,0.0,0.0,1.0,0.0,1.7032895232007952
2018-03-10 14:36:37,22.45,22.9,1.0,0.0,0.0,1.0,0.0,1.7032895232007952
2018-03-10 14:36:59,19.67,23.62,1.0,0.0,0.0,1.0,0.0,4.147561120918772
2018-03-10 14:37:11,25.28,19.6,1.0,0.0,0.0,1.0,0.0,1.7032895232007952
2018-03-10 14:37:20,23.25,21.72,1.0,0.0,0.0,1.0,0.0,4.276973354290953
2018-03-10 14:37:38,19.14,22.95,1.0,0.0,0.0,1.0,0.0,8.293864522031988
2018-03-10 14:37:57,19.26,22.63,1.0,0.0,0.0,1.0,0.0,8.293864522031988
2018-03-10 14:38:03,30.81,16.02,1.0,0.0,0.0,1.0,0.0,8.775999513857855
2018-03-10 14:38:22,33.42,15.05,1.0,0.0,0.0,1.0,0.0,8.807081529388793
2018-03-10 14:38:42,19.51,22.01,1.0,0.0,0.0,1.0,0.0,8.299472145402467
2018-03-10 14:38:49,27.24,17.81,1.0,0.0,0.0,1.0,0.0,8.734606827298348
2018-03-10 14:39:12,22.43,19.62,1.0,0.0,0.0,1.0,0.0,1.7032895232007952
2018-03-10 14:39:20,26.47,18.05,1.0,0.0,0.0,1.0,0.0,8.761232754435778
2018-03-10 14:39:44,27.06,17.84,1.0,0.0,0.0,1.0,0.0,6.676638770131369
2018-03-10 14:39:47,22.81,21.16,1.0,0.0,0.0,1.0,0.0,4.105475309381178
2018-03-10 14:40:11,28.42,17.77,1.0,0.0,0.0,1.0,0.0,8.794736600572778
2018-03-10 14:40:27,18.28,23.31,1.0,0.0,0.0,1.0,0.0,1.7032895232007952
2018-03-10 14:40:32,22.62,20.51,1.0,0.0,0.0,1.0,0.0,4.233426444572955
2018-03-10 14:40:56,31.55,15.89,1.0,0.0,0.0,1.0,0.0,8.81092431574481
2018-03-10 14:41:06,25.25,19.51,1.0,0.0,0.0,1.0,0.0,8.81431257895972
2018-03-10 14:41:22,23.4,20.66,1.0,0.0,0.0,1.0,0.0,3.9879003808715954
2018-03-10 14:41:42,23.88,19.86,1.0,0.0,0.0,1.0,0.0,8.447685250138916
2018-03-10 14:41:49,27.76,17.97,1.0,0.0,0.0,1.0,0.0,8.794728317975292
2018-03-10 14:42:00,22.73,19.38,1.0,0.0,0.0,1.0,0.0,1.7032895232007952
2018-03-10 14:42:23,27.12,19.81,1.0,0.0,0.0,1.0,0.0,8.830829792235816
2018-03-10 14:42:41,19.0,21.53,1.0,0.0,0.0,1.0,0.0,1.7032895232007952
2018-03-10 14:42:52,22.86,20.3,1.0,0.0,0.0,1.0,0.0,3.7916742958210508
2018-03-10 14:43:11,28.53,18.05,1.0,0.0,0.0,1.0,0.0,8.824087963069166
2018-03-10 14:43:20,24.29,23.71,1.0,0.0,0.0,1.0,0.0,3.909504622322437
2018-03-10 14:43:37,23.08,19.59,1.0,0.0,0.0,1.0,0.0,6.511742111531655
2018-03-10 14:43:57,23.45,19.78,1.0,0.0,0.0,1.0,0.0,6.5070086046776785
2018-03-10 14:44:12,25.14,20.12,1.0,0.0,0.0,1.0,0.0,3.99252694042267
2018-03-10 14:44:21,27.6,19.31,1.0,0.0,0.0,1.0,0.0,8.833478751950743
2018-03-10 14:44:37,27.3,18.78,1.0,0.0,0.0,1.0,0.0,8.42204271165261
2018-03-10 14:44:54,23.15,21.15,1.0,0.0,0.0,1.0,0.0,4.045607432085881
2018-03-10 14:45:02,23.55,19.51,1.0,0.0,0.0,1.0,0.0,8.444603167738558
2018-03-10 14:45:24,25.85,18.4,1.0,0.0,0.0,1.0,0.0,1.4593030871459896
2018-03-10 14:45:32,23.33,19.9,1.0,0.0,0.0,1.0,0.0,8.440974560722816
2018-03-10 14:45:58,24.64,20.49,1.0,0.0,0.0,1.0,0.0,8.819839279436968
2018-03-10 14:46:00,26.46,18.61,1.0,0.0,0.0,1.0,0.0,8.442497534103056
2018-03-10 14:46:18,21.26,22.72,1.0,0.0,0.0,1.0,0.0,4.027664151525677
2018-03-10 14:46:37,21.14,22.86,1.0,0.0,0.0,1.0,0.0,4.004605538622173
2018-03-10 14:46:46,22.31,23.92,1.0,0.0,0.0,1.0,0.0,4.0124192014716025
2018-03-10 14:47:06,31.65,16.16,1.0,0.0,0.0,1.0,0.0,8.810173851243356
2018-03-10 14:47:19,15.61,26.41,1.0,0.0,0.0,1.0,0.0,4.020086356330697
2018-03-10 14:47:30,26.04,19.03,1.0,0.0,0.0,1.0,0.0,1.7032895232007952
2018-03-10 14:47:59,25.02,19.1,1.0,0.0,0.0,1.0,0.0,6.539004728028076
2018-03-10 14:48:04,23.96,20.07,1.0,0.0,0.0,1.0,0.0,6.554012329830543
2018-03-10 14:48:29,33.5,15.56,1.0,0.0,0.0,1.0,0.0,8.865982693582266
2018-03-10 14:48:43,27.12,18.03,1.0,0.0,0.0,1.0,0.0,1.8201079451217936
2018-03-10 14:48:56,21.56,20.79,1.0,0.0,0.0,1.0,0.0,6.556742606391218
2018-03-10 14:49:07,23.15,20.36,1.0,0.0,0.0,1.0,0.0,6.5486642098050165
2018-03-10 14:49:16,21.6,20.93,1.0,0.0,0.0,1.0,0.0,6.556742606391218
2018-03-10 14:49:38,27.3,20.09,1.0,0.0,0.0,1.0,0.0,8.51831605479875
2018-03-10 14:49:53,25.93,17.75,1.0,0.0,0.0,1.0,0.0,1.8768795497763233
2018-03-10 14:50:09,22.3,23.02,1.0,0.0,0.0,1.0,0.0,4.05912263843254
2018-03-10 14:50:29,25.06,18.92,1.0,0.0,0.0,1.0,0.0,1.973428423228714
2018-03-10 14:50:39,25.18,18.55,1.0,0.0,0.0,1.0,0.0,6.615249903371447
2018-03-10 14:50:50,24.52,18.91,1.0,0.0,0.0,1.0,0.0,1.973428423228714
2018-03-10 14:51:08,30.46,24.31,1.0,0.0,0.0,1.0,0.0,4.051988720225465
2018-03-10 14:51:19,23.82,19.46,1.0,0.0,0.0,1.0,0.0,1.8272047595383378
2018-03-10 14:51:34,22.33,20.8,1.0,0.0,0.0,1.0,0.0,8.840086544775243
2018-03-10 14:51:51,25.18,20.35,1.0,0.0,0.0,1.0,0.0,8.566209423707607
2018-03-10 14:52:08,28.21,17.33,1.0,0.0,0.0,1.0,0.0,1.4249663201534986
2018-03-10 14:52:25,23.97,19.81,1.0,0.0,0.0,1.0,0.0,8.835830502558803
2018-03-10 14:52:39,31.68,16.12,1.0,0.0,0.0,1.0,0.0,8.848684383745981
2018-03-10 14:52:49,22.17,20.87,1.0,0.0,0.0,1.0,0.0,4.021993203993983
2018-03-10 14:53:05,23.04,20.6,1.0,0.0,0.0,1.0,0.0,6.830234148031279
2018-03-10 14:53:23,19.6,22.71,1.0,0.0,0.0,1.0,0.0,6.800131914613671
2018-03-10 14:53:31,34.04,16.66,1.0,0.0,0.0,1.0,0.0,8.847778569420747
2018-03-10 14:53:57,21.92,20.95,1.0,0.0,0.0,1.0,0.0,6.7924969365382575
2018-03-10 14:54:06,21.42,20.42,1.0,0.0,0.0,1.0,0.0,4.032041744336269
2018-03-10 14:54:29,25.64,17.26,1.0,0.0,0.0,1.0,0.0,1.4249663201534986
2018-03-10 14:54:37,19.06,21.76,1.0,0.0,0.0,1.0,0.0,4.046022355419362
2018-03-10 14:54:46,19.03,23.69,1.0,0.0,0.0,1.0,0.0,6.525287781720503
2018-03-10 14:55:12,24.55,20.08,1.0,0.0,0.0,1.0,0.0,8.693771013152368
2018-03-10 14:55:21,21.33,21.39,1.0,0.0,0.0,1.0,0.0,6.55570501289078
2018-03-10 14:55:30,20.51,21.33,1.0,0.0,0.0,1.0,0.0,1.973428423228714
2018-03-10 14:55:49,19.95,21.15,1.0,0.0,0.0,1.0,0.0,1.973428423228714
2018-03-10 14:56:13,27.44,18.52,1.0,0.0,0.0,1.0,0.0,8.839348118801693
2018-03-10 14:56:20,29.51,18.11,1.0,0.0,0.0,1.0,0.0,8.638628130063891
2018-03-10 14:56:33,28.96,18.25,1.0,0.0,0.0,1.0,0.0,8.54232349181331
2018-03-10 14:56:51,18.15,22.94,1.0,0.0,0.0,1.0,0.0,4.013659879253654
2018-03-10 14:57:14,21.85,20.39,1.0,0.0,0.0,1.0,0.0,4.034362667138269
2018-03-10 14:57:29,26.57,18.95,1.0,0.0,0.0,1.0,0.0,8.85716266637728
2018-03-10 14:57:37,20.55,20.28,1.0,0.0,0.0,1.0,0.0,4.025998342167285
2018-03-10 14:57:46,28.92,17.36,1.0,0.0,0.0,1.0,0.0,1.8768795497763233
2018-03-10 14:58:00,32.59,17.78,1.0,0.0,0.0,1.0,0.0,8.96603129492612
2018-03-10 14:58:15,17.37,22.9,1.0,0.0,0.0,1.0,0.0,4.1074078225591
2018-03-10 14:58:31,24.68,18.38,1.0,0.0,0.0,1.0,0.0,1.2395300021215536
2018-03-10 14:58:53,20.42,22.79,1.0,0.0,0.0,1.0,0.0,6.77490809258894
2018-03-10 14:59:14,24.13,18.96,1.0,0.0,0.0,1.0,0.0,4.124396485352691
2018-03-10 14:59:15,20.96,23.62,1.0,0.0,0.0,1.0,0.0,4.120633402326255
2018-03-10 14:59:38,18.21,22.49,1.0,0.0,0.0,1.0,0.0,4.125550496322564
2018-03-10 14:59:46,23.27,19.15,1.0,0.0,0.0,1.0,0.0,4.124396485352691
2018-03-10 15:00:09,40.77,19.21,1.0,0.0,0.0,1.0,0.0,8.414473732950908
2018-03-10 15:00:18,22.68,18.98,1.0,0.0,0.0,1.0,0.0,4.194162157472691
2018-03-10 15:00:35,25.01,19.04,1.0,0.0,0.0,1.0,0.0,1.349698942742171
2018-03-10 15:00:58,20.59,23.73,1.0,0.0,0.0,1.0,0.0,6.821257860656858
2018-03-10 15:01:06,25.05,20.29,1.0,0.0,0.0,1.0,0.0,9.846810978528623
2018-03-10 15:01:22,25.21,21.14,1.0,0.0,0.0,1.0,0.0,8.85716266637728
2018-03-10 15:01:31,22.59,19.48,1.0,0.0,0.0,1.0,0.0,1.3013514582076087
2018-03-10 15:01:45,26.2,17.02,1.0,0.0,0.0,1.0,0.0,1.3142120940549642
2018-03-10 15:02:14,17.91,22.2,1.0,0.0,0.0,1.0,0.0,0.8855533933863504
2018-03-10 15:02:19,19.41,21.46,1.0,0.0,0.0,1.0,0.0,4.23384122116406
2018-03-10 15:02:30,21.06,21.92,1.0,0.0,0.0,1.0,0.0,6.780028148305586
2018-03-10 15:02:56,23.63,18.2,1.0,0.0,0.0,1.0,0.0,1.3273073769417654
2018-03-10 15:03:05,24.45,18.51,1.0,0.0,0.0,1.0,0.0,1.4441250434515547
2018-03-10 15:03:16,23.46,18.91,1.0,0.0,0.0,1.0,0.0,1.3103014322346642
2018-03-10 15:03:37,21.09,21.02,1.0,0.0,0.0,1.0,0.0,4.22768271266894
2018-03-10 15:03:45,23.28,22.69,1.0,0.0,0.0,1.0,0.0,6.784053692471646
2018-03-10 15:04:10,19.27,21.19,1.0,0.0,0.0,1.0,0.0,1.3102541977830904
2018-03-10 15:04:28,25.8,20.94,1.0,0.0,0.0,1.0,0.0,8.261564733644562
2018-03-10 15:04:32,25.32,17.81,1.0,0.0,0.0,1.0,0.0,1.332488855706527
2018-03-10 15:04:48,19.33,20.9,1.0,0.0,0.0,1.0,0.0,1.3020125065984403
2018-03-10 15:05:06,20.91,20.93,1.0,0.0,0.0,1.0,0.0,4.304309711014768
2018-03-10 15:05:17,24.73,18.18,1.0,0.0,0.0,1.0,0.0,1.3100213300102281
2018-03-10 15:05:32,28.44,19.95,1.0,0.0,0.0,1.0,0.0,8.378822775583375
2018-03-10 15:05:51,20.62,20.99,1.0,0.0,0.0,1.0,0.0,4.309174277656625
2018-03-10 15:06:12,21.04,23.13,1.0,0.0,0.0,1.0,0.0,6.780608423187492
2018-03-10 15:06:20,23.52,19.93,1.0,0.0,0.0,1.0,0.0,8.54518906029299
2018-03-10 15:06:35,21.44,20.27,1.0,0.0,0.0,1.0,0.0,4.320037386308644
2018-03-10 15:06:49,20.36,20.41,1.0,0.0,0.0,1.0,0.0,1.3298136349303225
2018-03-10 15:07:04,19.9,20.86,1.0,0.0,0.0,1.0,0.0,1.4441250434515547
2018-03-10 15:07:26,17.55,23.91,1.0,0.0,0.0,1.0,0.0,4.305363467203584
2018-03-10 15:07:41,16.57,26.94,1.0,0.0,0.0,1.0,0.0,6.787366560802411
2018-03-10 15:07:58,17.52,23.98,1.0,0.0,0.0,1.0,0.0,4.305363467203584
2018-03-10 15:08:12,20.88,19.83,1.0,0.0,0.0,1.0,0.0,1.3327592927616627
2018-03-10 15:08:17,19.27,25.67,1.0,0.0,0.0,1.0,0.0,6.781652444134913
2018-03-10 15:08:36,18.67,25.73,1.0,0.0,0.0,1.0,0.0,6.772818279021629
2018-03-10 15:08:50,21.06,19.73,1.0,0.0,0.0,1.0,0.0,1.3223581537208675
2018-03-10 15:09:14,19.79,25.88,1.0,0.0,0.0,1.0,0.0,6.779433848395797
2018-03-10 15:09:20,19.46,25.75,1.0,0.0,0.0,1.0,0.0,6.772508924446312
2018-03-10 15:09:42,20.87,21.04,1.0,0.0,0.0,1.0,0.0,8.808383270478279
2018-03-10 15:09:47,17.84,22.5,1.0,0.0,0.0,1.0,0.0,4.2851972452156035
2018-03-10 15:10:00,20.83,20.43,1.0,0.0,0.0,1.0,0.0,1.333461256934933
2018-03-10 15:10:19,26.47,22.78,1.0,0.0,0.0,1.0,0.0,4.224072429008077
2018-03-10 15:10:42,34.01,18.17,1.0,0.0,0.0,1.0,0.0,8.758472610600627
2018-03-10 15:10:49,29.53,17.49,1.0,0.0,0.0,1.0,0.0,9.771796462885451
2018-03-10 15:11:06,21.27,20.51,1.0,0.0,0.0,1.0,0.0,4.284621928446016
2018-03-10 15:11:15,18.47,25.46,1.0,0.0,0.0,1.0,0.0,9.846885385521935
2018-03-10 15:11:35,18.65,26.66,1.0,0.0,0.0,1.0,0.0,6.7975134018787084
2018-03-10 15:11:50,17.34,22.77,1.0,0.0,0.0,1.0,0.0,1.349698942742171
2018-03-10 15:12:06,28.13,17.44,1.0,0.0,0.0,1.0,0.0,8.751828580300847
2018-03-10 15:12:24,27.89,17.38,1.0,0.0,0.0,1.0,0.0,8.772981949453683
2018-03-10 15:12:30,25.84,19.81,1.0,0.0,0.0,1.0,0.0,9.83712349843
2018-03-10 15:12:50,29.58,17.28,1.0,0.0,0.0,1.0,0.0,8.776200303233447
2018-03-10 15:13:10,30.06,17.19,1.0,0.0,0.0,1.0,0.0,8.837975041306505
2018-03-10 15:13:24,15.8,26.98,1.0,0.0,0.0,1.0,0.0,6.780798168901376
2018-03-10 15:13:38,35.07,19.45,1.0,0.0,0.0,1.0,0.0,4.272612306614106
2018-03-10 15:13:45,14.85,26.25,1.0,0.0,0.0,1.0,0.0,6.760623915794446
2018-03-10 15:14:00,23.21,24.27,1.0,0.0,0.0,1.0,0.0,4.2516338615041
2018-03-10 15:14:19,12.26,28.81,1.0,0.0,0.0,1.0,0.0,6.766340635492901
2018-03-10 15:14:43,18.09,22.55,1.0,0.0,0.0,1.0,0.0,1.2295396707862116
2018-03-10 15:14:47,29.09,16.95,1.0,0.0,0.0,1.0,0.0,8.866147059443627
2018-03-10 15:15:01,22.99,21.98,1.0,0.0,0.0,1.0,0.0,9.356798876178988
2018-03-10 15:15:15,24.12,19.44,1.0,0.0,0.0,1.0,0.0,8.92650475578057
2018-03-10 15:15:31,21.69,19.62,1.0,0.0,0.0,1.0,0.0,1.3228688882992752
2018-03-10 15:15:50,21.51,25.69,1.0,0.0,0.0,1.0,0.0,6.752555218792953
2018-03-10 15:16:02,29.26,17.22,1.0,0.0,0.0,1.0,0.0,8.92629780731391
2018-03-10 15:16:23,14.89,28.93,1.0,0.0,0.0,1.0,0.0,9.840967146988595
2018-03-10 15:16:42,28.72,17.43,1.0,0.0,0.0,1.0,0.0,8.920658689671656
2018-03-10 15:16:45,24.73,19.32,1.0,0.0,0.0,1.0,0.0,8.919483813659472
2018-03-10 15:17:05,16.85,23.76,1.0,0.0,0.0,1.0,0.0,1.3120980443779362
2018-03-10 15:17:26,24.1,19.57,1.0,0.0,0.0,1.0,0.0,8.861259862421768
2018-03-10 15:17:33,20.77,24.84,1.0,0.0,0.0,1.0,0.0,6.750844717968767
2018-03-10 15:17:55,19.7,24.69,1.0,0.0,0.0,1.0,0.0,9.916451111995604
2018-03-10 15:18:13,22.21,19.66,1.0,0.0,0.0,1.0,0.0,1.29784619863627
2018-03-10 15:18:25,21.79,19.63,1.0,0.0,0.0,1.0,0.0,1.29784619863627
2018-03-10 15:18:32,21.66,19.69,1.0,0.0,0.0,1.0,0.0,1.3136721936970681
2018-03-10 15:18:47,31.82,19.93,1.0,0.0,0.0,1.0,0.0,8.884236359716216
2018-03-10 15:19:13,25.21,20.23,1.0,0.0,0.0,1.0,0.0,8.884236359716216
2018-03-10 15:19:26,24.39,20.33,1.0,0.0,0.0,1.0,0.0,8.884236359716216
2018-03-10 15:19:35,15.91,26.21,1.0,0.0,0.0,1.0,0.0,6.8337166729024075
2018-03-10 15:19:52,19.9,21.83,1.0,0.0,0.0,1.0,0.0,1.4441250434515547
2018-03-10 15:20:12,19.94,24.98,1.0,0.0,0.0,1.0,0.0,6.845027317745393
2018-03-10 15:20:20,14.32,26.62,1.0,0.0,0.0,1.0,0.0,6.837713680595121
2018-03-10 15:20:33,14.07,26.61,1.0,0.0,0.0,1.0,0.0,6.837713680595121
2018-03-10 15:20:46,12.21,30.42,1.0,0.0,0.0,1.0,0.0,9.325141255243405
2018-03-10 15:21:11,14.71,27.06,1.0,0.0,0.0,1.0,0.0,6.847803661104721
2018-03-10 15:21:15,11.98,28.69,1.0,0.0,0.0,1.0,0.0,6.838370483002496
2018-03-10 15:21:40,19.51,24.43,1.0,0.0,0.0,1.0,0.0,6.84060745115446
2018-03-10 15:21:49,14.98,25.5,1.0,0.0,0.0,1.0,0.0,1.3103014322346642
2018-03-10 15:22:06,19.64,25.67,1.0,0.0,0.0,1.0,0.0,9.407735590719014
2018-03-10 15:22:27,15.18,28.78,1.0,0.0,0.0,1.0,0.0,2.525148563810769
2018-03-10 15:22:32,20.9,24.74,1.0,0.0,0.0,1.0,0.0,9.410396137911034
2018-03-10 15:22:58,40.59,20.6,1.0,0.0,0.0,1.0,0.0,8.298321964241854
2018-03-10 15:23:13,15.46,27.34,1.0,0.0,0.0,1.0,0.0,6.799565855004274
2018-03-10 15:23:26,14.97,27.23,1.0,0.0,0.0,1.0,0.0,6.799565855004274
2018-03-10 15:23:43,12.22,30.52,1.0,0.0,0.0,1.0,0.0,9.433024681277681
2018-03-10 15:23:45,14.43,26.28,1.0,0.0,0.0,1.0,0.0,2.4970074896051124
2018-03-10 15:24:07,12.85,28.42,1.0,0.0,0.0,1.0,0.0,2.501597998416175
2018-03-10 15:24:25,13.34,30.11,1.0,0.0,0.0,1.0,0.0,9.40909014036151
2018-03-10 15:24:33,16.52,25.15,1.0,0.0,0.0,1.0,0.0,2.4794748556207744
2018-03-10 15:24:57,13.89,30.05,1.0,0.0,0.0,1.0,0.0,9.422411813373751
2018-03-10 15:25:01,15.69,28.39,1.0,0.0,0.0,1.0,0.0,2.4925858151806444
2018-03-10 15:25:29,19.99,20.86,1.0,0.0,0.0,1.0,0.0,1.4441250434515547
2018-03-10 15:25:42,20.69,20.4,1.0,0.0,0.0,1.0,0.0,1.4441250434515547
2018-03-10 15:25:47,16.55,24.88,1.0,0.0,0.0,1.0,0.0,6.755068562821372
2018-03-10 15:26:06,18.21,25.75,1.0,0.0,0.0,1.0,0.0,2.5002595518956534
2018-03-10 15:26:20,19.67,21.19,1.0,0.0,0.0,1.0,0.0,1.3045723440422654
2018-03-10 15:26:38,17.84,25.7,1.0,0.0,0.0,1.0,0.0,9.41351668508946
2018-03-10 15:26:51,16.05,24.57,1.0,0.0,0.0,1.0,0.0,6.7437488002211055
2018-03-10 15:27:12,15.8,28.24,1.0,0.0,0.0,1.0,0.0,2.4879451737937197
2018-03-10 15:27:27,16.83,26.31,1.0,0.0,0.0,1.0,0.0,9.402457421745833
2018-03-10 15:27:38,13.63,28.63,1.0,0.0,0.0,1.0,0.0,9.362187327022268
2018-03-10 15:27:56,19.39,21.38,1.0,0.0,0.0,1.0,0.0,1.3182156149164477
2018-03-10 15:28:11,18.07,26.0,1.0,0.0,0.0,1.0,0.0,2.4830242554308875
2018-03-10 15:28:20,18.07,29.04,1.0,0.0,0.0,1.0,0.0,2.4867057208209093
2018-03-10 15:28:40,16.81,23.38,1.0,0.0,0.0,1.0,0.0,6.6529718846987596
2018-03-10 15:28:56,17.32,25.2,1.0,0.0,0.0,1.0,0.0,9.222891551469807
2018-03-10 15:29:11,16.23,23.94,1.0,0.0,0.0,1.0,0.0,1.375269715745668
2018-03-10 15:29:19,19.67,21.07,1.0,0.0,0.0,1.0,0.0,1.321663224193099
2018-03-10 15:29:42,15.9,26.97,1.0,0.0,0.0,1.0,0.0,2.474952095330321
2018-03-10 15:29:46,13.99,27.15,1.0,0.0,0.0,1.0,0.0,9.15769091469671
2018-03-10 15:30:06,14.48,26.77,1.0,0.0,0.0,1.0,0.0,9.142781121761153
2018-03-10 15:30:26,32.14,26.1,1.0,0.0,0.0,1.0,0.0,5.340783338597783
2018-03-10 15:30:33,19.93,22.97,1.0,0.0,0.0,1.0,0.0,6.6108841261287274
2018-03-10 15:30:52,15.59,27.52,1.0,0.0,0.0,1.0,0.0,2.4765321534552367
2018-03-10 15:31:06,19.48,22.59,1.0,0.0,0.0,1.0,0.0,6.61111975200839
2018-03-10 15:31:20,14.02,29.95,1.0,0.0,0.0,1.0,0.0,2.4893367468157
2018-03-10 15:31:33,14.68,30.07,1.0,0.0,0.0,1.0,0.0,2.4893367468157
2018-03-10 15:31:49,15.76,26.52,1.0,0.0,0.0,1.0,0.0,9.130484151860472
2018-03-10 15:32:03,17.6,27.92,1.0,0.0,0.0,1.0,0.0,2.4940628493369443
2018-03-10 15:32:29,24.73,22.56,1.0,0.0,0.0,1.0,0.0,6.619079504933947
2018-03-10 15:32:35,24.24,28.1,1.0,0.0,0.0,1.0,0.0,2.4941497243599966
2018-03-10 15:32:56,17.91,23.59,1.0,0.0,0.0,1.0,0.0,6.60707014191675
2018-03-10 15:33:02,18.69,23.56,1.0,0.0,0.0,1.0,0.0,6.60707014191675
2018-03-10 15:33:25,25.48,28.04,1.0,0.0,0.0,1.0,0.0,2.4726297242292437
2018-03-10 15:33:36,20.28,22.68,1.0,0.0,0.0,1.0,0.0,6.601023537551466
2018-03-10 15:33:52,22.62,22.68,1.0,0.0,0.0,1.0,0.0,6.5964809231557675
2018-03-10 15:34:06,19.45,21.37,1.0,0.0,0.0,1.0,0.0,1.337692166536643
2018-03-10 15:34:18,17.53,22.81,1.0,0.0,0.0,1.0,0.0,1.4441250434515547
2018-03-10 15:34:32,25.7,28.69,1.0,0.0,0.0,1.0,0.0,4.694900673600294
2018-03-10 15:34:58,25.46,28.9,1.0,0.0,0.0,1.0,0.0,4.23716967418696
2018-03-10 15:35:05,19.22,22.19,1.0,0.0,0.0,1.0,0.0,1.4441250434515547
2018-03-10 15:35:21,18.16,24.21,1.0,0.0,0.0,1.0,0.0,9.083568962503762
2018-03-10 15:35:30,18.07,30.76,1.0,0.0,0.0,1.0,0.0,2.437915975437635
2018-03-10 15:35:50,19.98,21.43,1.0,0.0,0.0,1.0,0.0,1.4441250434515547
2018-03-10 15:36:12,14.26,27.85,1.0,0.0,0.0,1.0,0.0,9.081628526339607
2018-03-10 15:36:21,20.06,22.95,1.0,0.0,0.0,1.0,0.0,6.552386125205646
2018-03-10 15:36:39,20.95,20.41,1.0,0.0,0.0,1.0,0.0,1.3103014322346642
2018-03-10 15:36:48,21.1,19.86,1.0,0.0,0.0,1.0,0.0,1.317075721874365
2018-03-10 15:37:05,17.94,22.64,1.0,0.0,0.0,1.0,0.0,1.4441250434515547
2018-03-10 15:37:24,17.96,23.75,1.0,0.0,0.0,1.0,0.0,6.560644566537243
2018-03-10 15:37:30,22.57,25.78,1.0,0.0,0.0,1.0,0.0,6.5664121536942455
2018-03-10 15:37:58,22.56,19.32,1.0,0.0,0.0,1.0,0.0,1.3296309098359893
2018-03-10 15:38:03,18.44,22.66,1.0,0.0,0.0,1.0,0.0,6.573783316376812
2018-03-10 15:38:29,23.48,30.38,1.0,0.0,0.0,1.0,0.0,3.637567979364812
2018-03-10 15:38:32,26.02,26.82,1.0,0.0,0.0,1.0,0.0,8.875800814415909
2018-03-10 15:38:46,24.5,24.55,1.0,0.0,0.0,1.0,0.0,8.892645231262897
2018-03-10 15:39:09,21.86,20.19,1.0,0.0,0.0,1.0,0.0,1.3082099533753195
2018-03-10 15:39:19,19.35,21.92,1.0,0.0,0.0,1.0,0.0,1.3055651392998846
2018-03-10 15:39:39,22.52,27.95,1.0,0.0,0.0,1.0,0.0,8.881253786502164
2018-03-10 15:39:57,20.93,20.88,1.0,0.0,0.0,1.0,0.0,1.0592361365360754
2018-03-10 15:40:10,21.8,20.75,1.0,0.0,0.0,1.0,0.0,0.8706892976133438
2018-03-10 15:40:25,19.26,22.41,1.0,0.0,0.0,1.0,0.0,1.4441250434515547
2018-03-10 15:40:32,22.24,20.29,1.0,0.0,0.0,1.0,0.0,1.0592361365360754
2018-03-10 15:40:50,20.33,22.02,1.0,0.0,0.0,1.0,0.0,1.0592361365360754
2018-03-10 15:41:14,22.27,20.4,1.0,0.0,0.0,1.0,0.0,1.0461736007681035
2018-03-10 15:41:17,23.14,20.04,1.0,0.0,0.0,1.0,0.0,1.0486933287562223
2018-03-10 15:41:37,12.62,29.1,1.0,0.0,0.0,1.0,0.0,2.3694719114039704
2018-03-10 15:41:48,19.04,22.13,1.0,0.0,0.0,1.0,0.0,1.0388286959701256
2018-03-10 15:42:12,21.7,20.2,1.0,0.0,0.0,1.0,0.0,1.0031143417265758
2018-03-10 15:42:25,22.04,19.47,1.0,0.0,0.0,1.0,0.0,1.0031143417265758
2018-03-10 15:42:38,21.53,19.74,1.0,0.0,0.0,1.0,0.0,1.0238145769241591
2018-03-10 15:42:54,12.99,28.55,1.0,0.0,0.0,1.0,0.0,2.4998668834645104
2018-03-10 15:43:12,21.52,20.53,1.0,0.0,0.0,1.0,0.0,1.0134247195338695
2018-03-10 15:43:26,13.89,28.52,1.0,0.0,0.0,1.0,0.0,2.487273120558031
2018-03-10 15:43:39,15.46,28.45,1.0,0.0,0.0,1.0,0.0,2.487273120558031
2018-03-10 15:43:57,21.73,20.44,1.0,0.0,0.0,1.0,0.0,1.0039456023556708
2018-03-10 15:44:10,24.25,18.96,1.0,0.0,0.0,1.0,0.0,0.9817114092343031
2018-03-10 15:44:29,21.61,20.25,1.0,0.0,0.0,1.0,0.0,1.0039456023556708
2018-03-10 15:44:39,22.79,19.64,1.0,0.0,0.0,1.0,0.0,0.971582255316764
2018-03-10 15:44:56,16.37,28.39,1.0,0.0,0.0,1.0,0.0,2.487273120558031
2018-03-10 15:45:02,16.41,28.39,1.0,0.0,0.0,1.0,0.0,2.487273120558031
2018-03-10 15:45:28,16.79,28.41,1.0,0.0,0.0,1.0,0.0,2.487273120558031
2018-03-10 15:45:31,23.27,19.18,1.0,0.0,0.0,1.0,0.0,0.9268133600041877
2018-03-10 15:45:53,24.58,18.4,1.0,0.0,0.0,1.0,0.0,0.9300486516359899
2018-03-10 15:46:04,18.32,27.53,1.0,0.0,0.0,1.0,0.0,2.4940385894946044
2018-03-10 15:46:19,24.38,18.43,1.0,0.0,0.0,1.0,0.0,0.8730256217454402
2018-03-10 15:46:38,25.26,18.36,1.0,0.0,0.0,1.0,0.0,0.8495129281947785
2018-03-10 15:46:57,24.94,18.23,1.0,0.0,0.0,1.0,0.0,0.8495129281947785
2018-03-10 15:47:07,22.83,19.26,1.0,0.0,0.0,1.0,0.0,0.885382518985679
2018-03-10 15:47:25,20.97,20.43,1.0,0.0,0.0,1.0,0.0,0.8653996518405417
2018-03-10 15:47:42,25.08,18.39,1.0,0.0,0.0,1.0,0.0,0.8848536897827547
2018-03-10 15:47:48,21.63,20.15,1.0,0.0,0.0,1.0,0.0,0.8855039053380248
2018-03-10 15:48:10,22.58,20.37,1.0,0.0,0.0,1.0,0.0,0.8935588054266314
2018-03-10 15:48:24,23.97,19.21,1.0,0.0,0.0,1.0,0.0,0.880884598858621
2018-03-10 15:48:39,21.84,20.5,1.0,0.0,0.0,1.0,0.0,0.9089720774314373
2018-03-10 15:48:58,22.64,20.6,1.0,0.0,0.0,1.0,0.0,0.8910513500533466
2018-03-10 15:49:13,10.48,33.04,1.0,0.0,0.0,1.0,0.0,2.532938921482601
2018-03-10 15:49:19,20.99,29.65,1.0,0.0,0.0,1.0,0.0,5.298394415445304
2018-03-10 15:49:42,20.4,21.33,1.0,0.0,0.0,1.0,0.0,0.8924883284994697
2018-03-10 15:49:56,21.11,20.7,1.0,0.0,0.0,1.0,0.0,0.9041998598435321
2018-03-10 15:50:14,21.72,27.88,1.0,0.0,0.0,1.0,0.0,2.494677625279481
2018-03-10 15:50:25,25.15,18.43,1.0,0.0,0.0,1.0,0.0,0.8982418551417151
2018-03-10 15:50:38,24.66,18.52,1.0,0.0,0.0,1.0,0.0,0.9022378507069072
2018-03-10 15:50:58,25.82,18.52,1.0,0.0,0.0,1.0,0.0,0.9108212895151582
2018-03-10 15:51:12,21.08,20.97,1.0,0.0,0.0,1.0,0.0,0.881850544098798
2018-03-10 15:51:23,25.98,18.47,1.0,0.0,0.0,1.0,0.0,0.9261687657451025
2018-03-10 15:51:31,26.89,28.2,1.0,0.0,0.0,1.0,0.0,2.464494902158825
2018-03-10 15:51:57,20.88,20.45,1.0,0.0,0.0,1.0,0.0,0.9430387702578304
2018-03-10 15:52:04,9.96,33.78,1.0,0.0,0.0,1.0,0.0,2.488781302861123
2018-03-10 15:52:22,23.5,28.38,1.0,0.0,0.0,1.0,0.0,2.4476285779899483
2018-03-10 15:52:31,17.42,31.95,1.0,0.0,0.0,1.0,0.0,2.4874585115546894
2018-03-10 15:52:48,11.78,31.08,1.0,0.0,0.0,1.0,0.0,2.4965780555653008
2018-03-10 15:53:00,21.57,28.47,1.0,0.0,0.0,1.0,0.0,2.43866243514607
2018-03-10 15:53:16,23.15,31.88,1.0,0.0,0.0,1.0,0.0,2.488342944430258
2018-03-10 15:53:32,25.86,17.76,1.0,0.0,0.0,1.0,0.0,1.0118005149658302
2018-03-10 15:53:48,15.78,31.8,1.0,0.0,0.0,1.0,0.0,2.488342944430258
2018-03-10 15:54:02,26.48,17.66,1.0,0.0,0.0,1.0,0.0,0.9610413737280795
2018-03-10 15:54:23,25.34,18.25,1.0,0.0,0.0,1.0,0.0,0.9946197017895281
2018-03-10 15:54:39,23.5,31.71,1.0,0.0,0.0,1.0,0.0,2.488342944430258
2018-03-10 15:54:51,21.17,31.69,1.0,0.0,0.0,1.0,0.0,2.488342944430258
2018-03-10 15:55:01,25.45,18.48,1.0,0.0,0.0,1.0,0.0,0.9725878789837783
2018-03-10 15:55:28,13.7,30.48,1.0,0.0,0.0,1.0,0.0,2.5087136877342626
2018-03-10 15:55:44,28.38,17.34,1.0,0.0,0.0,1.0,0.0,0.9980507932884612
2018-03-10 15:55:48,22.86,20.24,1.0,0.0,0.0,1.0,0.0,0.9487531906959015
2018-03-10 15:56:12,20.38,32.27,1.0,0.0,0.0,1.0,0.0,3.0846470230217022
2018-03-10 15:56:28,27.89,17.4,1.0,0.0,0.0,1.0,0.0,0.9878965876500789
2018-03-10 15:56:40,22.97,20.11,1.0,0.0,0.0,1.0,0.0,0.8899481919983301
2018-03-10 15:56:55,24.49,19.04,1.0,0.0,0.0,1.0,0.0,0.9082201487253148
2018-03-10 15:57:05,30.57,31.96,1.0,0.0,0.0,1.0,0.0,2.4948482678516233
2018-03-10 15:57:16,26.4,18.1,1.0,0.0,0.0,1.0,0.0,0.8747331799791731
2018-03-10 15:57:40,23.54,19.32,1.0,0.0,0.0,1.0,0.0,0.8863109469585994
2018-03-10 15:57:58,20.57,21.28,1.0,0.0,0.0,1.0,0.0,0.8646217776785602
2018-03-10 15:58:10,27.05,18.37,1.0,0.0,0.0,1.0,0.0,0.8599405875259367
2018-03-10 15:58:17,27.92,17.3,1.0,0.0,0.0,1.0,0.0,0.8865141528214505
2018-03-10 15:58:35,20.4,31.09,1.0,0.0,0.0,1.0,0.0,2.4799054583857236
2018-03-10 15:58:46,21.46,30.73,1.0,0.0,0.0,1.0,0.0,2.4799329240594816
2018-03-10 15:59:14,22.44,20.93,1.0,0.0,0.0,1.0,0.0,0.8619074777446811
2018-03-10 15:59:23,23.47,19.37,1.0,0.0,0.0,1.0,0.0,0.8628754115983702
2018-03-10 15:59:40,8.62,34.7,1.0,0.0,0.0,1.0,0.0,2.52789198551397
2018-03-10 15:59:46,21.1,21.25,1.0,0.0,0.0,1.0,0.0,0.8388333603209527
2018-03-10 16:00:04,21.06,21.1,0.0,1.0,0.0,0.0,1.0,0.8826855589804221
2018-03-10 16:00:21,19.53,30.74,0.0,1.0,0.0,0.0,1.0,2.4420695823625125
2018-03-10 16:00:43,20.54,21.73,0.0,1.0,0.0,0.0,1.0,0.8676636668543181
2018-03-10 16:00:56,25.03,19.47,0.0,1.0,0.0,0.0,1.0,0.7878948157177527
2018-03-10 16:01:00,8.29,33.8,0.0,1.0,0.0,0.0,1.0,2.4956502329029995
2018-03-10 16:01:18,23.57,19.47,0.0,1.0,0.0,0.0,1.0,0.8544368123492884
2018-03-10 16:01:39,9.12,33.46,0.0,1.0,0.0,0.0,1.0,2.4956502329029995
2018-03-10 16:01:54,26.46,18.42,0.0,1.0,0.0,0.0,1.0,0.8663330914707231
2018-03-10 16:02:12,21.76,21.85,0.0,1.0,0.0,0.0,1.0,0.8599405875253557
2018-03-10 16:02:22,22.66,20.27,0.0,1.0,0.0,0.0,1.0,0.7971210942518286
2018-03-10 16:02:35,22.18,20.58,0.0,1.0,0.0,0.0,1.0,0.7971210942518286
2018-03-10 16:02:54,22.32,20.86,0.0,1.0,0.0,0.0,1.0,0.8156195562586691
2018-03-10 16:03:09,10.29,32.55,0.0,1.0,0.0,0.0,1.0,2.4955586719035425
2018-03-10 16:03:16,23.48,20.11,0.0,1.0,0.0,0.0,1.0,0.8700385001506651
2018-03-10 16:03:36,13.52,32.06,0.0,1.0,0.0,0.0,1.0,2.4831625903571606
2018-03-10 16:03:51,21.98,20.86,0.0,1.0,0.0,0.0,1.0,0.8290585817189698
2018-03-10 16:04:13,25.42,18.09,0.0,1.0,0.0,0.0,1.0,0.7831775677404392
2018-03-10 16:04:27,15.72,31.56,0.0,1.0,0.0,0.0,1.0,2.4959607010928115
2018-03-10 16:04:35,12.69,32.95,0.0,1.0,0.0,0.0,1.0,2.501127191637146
2018-03-10 16:04:45,13.44,31.77,0.0,1.0,0.0,0.0,1.0,2.494394009053617
2018-03-10 16:05:08,22.8,20.78,0.0,1.0,0.0,0.0,1.0,0.813677528719504
2018-03-10 16:05:19,25.38,19.52,0.0,1.0,0.0,0.0,1.0,0.8782767671678249
2018-03-10 16:05:34,21.38,21.03,0.0,1.0,0.0,0.0,1.0,0.8823652631274682
2018-03-10 16:05:45,18.77,32.8,0.0,1.0,0.0,0.0,1.0,2.477081905560044
2018-03-10 16:06:11,24.23,19.39,0.0,1.0,0.0,0.0,1.0,0.8811645225111147
2018-03-10 16:06:25,9.8,34.56,0.0,1.0,0.0,0.0,1.0,2.520291899521736
2018-03-10 16:06:39,13.26,33.28,0.0,1.0,0.0,0.0,1.0,2.5066764869322187
2018-03-10 16:06:56,19.64,32.75,0.0,1.0,0.0,0.0,1.0,2.4534844722692775
2018-03-10 16:07:03,7.44,34.86,0.0,1.0,0.0,0.0,1.0,2.517411198308474
2018-03-10 16:07:23,10.17,32.03,0.0,1.0,0.0,0.0,1.0,2.505518519440068
2018-03-10 16:07:40,26.66,19.4,0.0,1.0,0.0,0.0,1.0,0.8811645225111147
2018-03-10 16:07:51,25.19,19.24,0.0,1.0,0.0,0.0,1.0,0.8872457457416847
2018-03-10 16:08:09,10.43,32.69,0.0,1.0,0.0,0.0,1.0,2.4984023140739926
2018-03-10 16:08:22,10.62,32.56,0.0,1.0,0.0,0.0,1.0,2.4984023140739926
2018-03-10 16:08:43,19.7,22.45,0.0,1.0,0.0,0.0,1.0,0.8803952428646433
2018-03-10 16:08:57,25.24,19.41,0.0,1.0,0.0,0.0,1.0,0.8811645225111147
2018-03-10 16:09:14,26.03,19.43,0.0,1.0,0.0,0.0,1.0,0.9084885938812645
2018-03-10 16:09:15,16.69,29.86,0.0,1.0,0.0,0.0,1.0,2.499476256395554
2018-03-10 16:09:37,12.91,32.2,0.0,1.0,0.0,0.0,1.0,2.4967536203990814
2018-03-10 16:09:56,10.99,33.76,0.0,1.0,0.0,0.0,1.0,2.494830750451448
2018-03-10 16:10:03,12.9,32.11,0.0,1.0,0.0,0.0,1.0,2.4967536203990814
2018-03-10 16:10:27,24.79,19.13,0.0,1.0,0.0,0.0,1.0,0.7491250746022381
2018-03-10 16:10:37,13.32,32.06,0.0,1.0,0.0,0.0,1.0,2.4842806335142096
2018-03-10 16:10:55,22.74,32.12,0.0,1.0,0.0,0.0,1.0,2.485756336388114
2018-03-10 16:11:14,16.04,32.07,0.0,1.0,0.0,0.0,1.0,2.485756336388114
2018-03-10 16:11:20,13.39,32.08,0.0,1.0,0.0,0.0,1.0,2.481852157545454
2018-03-10 16:11:32,14.11,32.11,0.0,1.0,0.0,0.0,1.0,2.481852157545454
2018-03-10 16:11:47,13.13,32.04,0.0,1.0,0.0,0.0,1.0,2.4842806335142096
2018-03-10 16:12:13,12.71,32.08,0.0,1.0,0.0,0.0,1.0,2.4842806335142096
2018-03-10 16:12:29,27.88,18.56,0.0,1.0,0.0,0.0,1.0,0.8703472173826046
2018-03-10 16:12:30,12.45,31.91,0.0,1.0,0.0,0.0,1.0,2.481852157545454
2018-03-10 16:12:46,23.86,28.76,0.0,1.0,0.0,0.0,1.0,2.4614454667398595
2018-03-10 16:13:03,17.92,32.24,0.0,1.0,0.0,0.0,1.0,2.4918645637637256
2018-03-10 16:13:25,19.88,30.0,0.0,1.0,0.0,0.0,1.0,2.445639537325309
2018-03-10 16:13:32,20.18,30.05,0.0,1.0,0.0,0.0,1.0,2.445639537325309
2018-03-10 16:13:57,21.01,30.09,0.0,1.0,0.0,0.0,1.0,2.445639537325309
2018-03-10 16:14:09,21.08,29.02,0.0,1.0,0.0,0.0,1.0,2.440035588682046
2018-03-10 16:14:17,22.52,22.49,0.0,1.0,0.0,0.0,1.0,0.6771545133076369
2018-03-10 16:14:32,21.5,31.68,0.0,1.0,0.0,0.0,1.0,2.4710688167129025
2018-03-10 16:14:45,23.4,31.56,0.0,1.0,0.0,0.0,1.0,2.459598735924739
2018-03-10 16:15:05,22.93,32.15,0.0,1.0,0.0,0.0,1.0,2.4592442103968892
2018-03-10 16:15:22,15.84,33.49,0.0,1.0,0.0,0.0,1.0,2.449337181893107
2018-03-10 16:15:37,18.36,31.54,0.0,1.0,0.0,0.0,1.0,2.4465035855923394
2018-03-10 16:15:48,15.89,33.57,0.0,1.0,0.0,0.0,1.0,2.4410798914924388
2018-03-10 16:16:09,17.99,32.21,0.0,1.0,0.0,0.0,1.0,2.4467021192890805
2018-03-10 16:16:22,18.58,32.2,0.0,1.0,0.0,0.0,1.0,2.4467021192890805
2018-03-10 16:16:34,18.21,32.19,0.0,1.0,0.0,0.0,1.0,2.4467021192890805
2018-03-10 16:16:47,17.98,32.17,0.0,1.0,0.0,0.0,1.0,2.436522341895424
2018-03-10 16:17:00,18.02,32.14,0.0,1.0,0.0,0.0,1.0,2.436522341895424
2018-03-10 16:17:19,18.17,32.07,0.0,1.0,0.0,0.0,1.0,2.436522341895424
2018-03-10 16:21:55,22.19,27.39,0.0,1.0,0.0,0.0,1.0,2.5482831050995847
2018-03-10 16:22:02,22.17,27.45,0.0,1.0,0.0,0.0,1.0,2.5482831050995847
2018-03-10 16:22:21,21.77,27.61,0.0,1.0,0.0,0.0,1.0,2.5482831050995847
2018-03-10 16:22:40,21.08,27.77,0.0,1.0,0.0,0.0,1.0,2.5482831050995847
2018-03-10 16:22:47,20.54,27.81,0.0,1.0,0.0,0.0,1.0,2.5482831050995847
2018-03-10 16:23:00,20.87,27.93,0.0,1.0,0.0,0.0,1.0,2.5482831050995847
2018-03-10 16:23:25,21.17,28.13,0.0,1.0,0.0,0.0,1.0,2.5245774013796627
2018-03-10 16:23:31,21.1,28.18,0.0,1.0,0.0,0.0,1.0,2.5245774013796627
2018-03-10 16:23:50,21.15,28.32,0.0,1.0,0.0,0.0,1.0,2.5557563566487977
2018-03-10 16:24:03,20.87,28.41,0.0,1.0,0.0,0.0,1.0,2.5553587044378094
2018-03-10 16:25:06,13.46,27.77,0.0,1.0,0.0,0.0,1.0,2.5393272087510543
2018-03-10 16:25:25,13.46,27.49,0.0,1.0,0.0,0.0,1.0,2.510234203335268
2018-03-10 16:25:31,13.67,27.49,0.0,1.0,0.0,0.0,1.0,2.510234203335268
2018-03-10 16:25:48,13.45,27.2,0.0,1.0,0.0,0.0,1.0,2.497700057816886
2018-03-10 16:26:08,14.82,27.77,0.0,1.0,0.0,0.0,1.0,2.4957224745115885
2018-03-10 16:26:28,14.79,27.13,0.0,1.0,0.0,0.0,1.0,2.4981201678812774
2018-03-10 16:26:34,12.47,28.76,0.0,1.0,0.0,0.0,1.0,2.499605099983447
2018-03-10 16:26:46,14.38,26.91,0.0,1.0,0.0,0.0,1.0,2.4889155508028304
2018-03-10 16:27:13,15.38,26.76,0.0,1.0,0.0,0.0,1.0,2.4928241574123544
2018-03-10 16:27:25,16.4,26.9,0.0,1.0,0.0,0.0,1.0,2.4925705586415177
2018-03-10 16:27:44,16.56,26.83,0.0,1.0,0.0,0.0,1.0,2.4925705586415177
2018-03-10 16:27:51,16.5,26.91,0.0,1.0,0.0,0.0,1.0,2.4925705586415177
2018-03-10 16:28:03,16.56,26.82,0.0,1.0,0.0,0.0,1.0,2.496017205383579
2018-03-10 16:28:29,16.93,26.86,0.0,1.0,0.0,0.0,1.0,2.496017205383579
2018-03-10 16:28:30,15.33,28.28,0.0,1.0,0.0,0.0,1.0,2.4900064270719855
2018-03-10 16:28:55,15.61,28.36,0.0,1.0,0.0,0.0,1.0,2.4900064270719855
2018-03-10 16:29:02,15.5,28.36,0.0,1.0,0.0,0.0,1.0,2.484296912352151
2018-03-10 16:29:21,15.44,28.46,0.0,1.0,0.0,0.0,1.0,2.484296912352151
2018-03-10 16:29:34,15.99,28.56,0.0,1.0,0.0,0.0,1.0,2.484296912352151
2018-03-10 16:29:53,15.69,28.62,0.0,1.0,0.0,0.0,1.0,2.4777659152943277
2018-03-10 16:30:06,15.89,28.7,0.0,1.0,0.0,0.0,1.0,2.4777659152943277
2018-03-10 16:30:19,15.29,28.73,0.0,1.0,0.0,0.0,1.0,2.4777659152943277
2018-03-10 16:30:38,15.16,28.82,0.0,1.0,0.0,0.0,1.0,2.4777659152943277
2018-03-10 16:30:45,15.14,28.83,0.0,1.0,0.0,0.0,1.0,2.4777659152943277
2018-03-10 16:31:10,15.5,29.02,0.0,1.0,0.0,0.0,1.0,2.4891067151237274
2018-03-10 16:31:23,16.86,29.0,0.0,1.0,0.0,0.0,1.0,2.493984920817311
2018-03-10 16:31:36,17.25,29.13,0.0,1.0,0.0,0.0,1.0,2.493984920817311
2018-03-10 16:31:55,21.82,29.12,0.0,1.0,0.0,0.0,1.0,2.493664583496702
2018-03-10 16:32:08,22.99,29.18,0.0,1.0,0.0,0.0,1.0,2.493664583496702
2018-03-10 16:32:21,23.59,29.28,0.0,1.0,0.0,0.0,1.0,2.4775336995576915
2018-03-10 16:32:40,23.82,29.31,0.0,1.0,0.0,0.0,1.0,2.4775336995576915
2018-03-10 16:32:47,23.26,29.39,0.0,1.0,0.0,0.0,1.0,2.4775336995576915
2018-03-10 16:33:12,22.98,29.38,0.0,1.0,0.0,0.0,1.0,2.459214720742474
2018-03-10 16:33:19,23.24,29.39,0.0,1.0,0.0,0.0,1.0,2.4504140856702814
2018-03-10 16:33:32,24.29,29.44,0.0,1.0,0.0,0.0,1.0,2.4504140856702814
2018-03-10 16:33:48,12.17,28.7,0.0,1.0,0.0,0.0,1.0,2.506730497672198
2018-03-10 16:34:10,22.71,29.54,0.0,1.0,0.0,0.0,1.0,2.4504140856702814
2018-03-10 16:34:26,12.94,28.16,0.0,1.0,0.0,0.0,1.0,2.5052080223750766
2018-03-10 16:34:33,13.05,28.13,0.0,1.0,0.0,0.0,1.0,2.5295151485566296
2018-03-10 16:34:45,13.15,27.9,0.0,1.0,0.0,0.0,1.0,2.5295151485566296
2018-03-10 16:35:12,25.3,28.42,0.0,1.0,0.0,0.0,1.0,2.4497425532016126
2018-03-10 16:35:17,13.61,27.81,0.0,1.0,0.0,0.0,1.0,2.4928896411945134
2018-03-10 16:35:30,14.08,27.75,0.0,1.0,0.0,0.0,1.0,2.4928896411945134
2018-03-10 16:35:49,14.37,27.66,0.0,1.0,0.0,0.0,1.0,2.4928896411945134
2018-03-10 16:36:08,14.74,27.57,0.0,1.0,0.0,0.0,1.0,2.4928896411945134
2018-03-10 16:36:28,15.13,27.49,0.0,1.0,0.0,0.0,1.0,2.4853798324885723
2018-03-10 16:36:34,15.02,27.49,0.0,1.0,0.0,0.0,1.0,2.4853798324885723
2018-03-10 16:36:53,15.19,27.43,0.0,1.0,0.0,0.0,1.0,2.4853798324885723
2018-03-10 16:37:06,15.39,27.41,0.0,1.0,0.0,0.0,1.0,2.4853798324885723
2018-03-10 16:37:19,15.45,27.37,0.0,1.0,0.0,0.0,1.0,2.4853798324885723
2018-03-10 16:37:44,15.37,27.31,0.0,1.0,0.0,0.0,1.0,2.4853798324885723
2018-03-10 16:37:57,15.66,27.33,0.0,1.0,0.0,0.0,1.0,2.4853798324885723
2018-03-10 16:38:10,15.47,27.3,0.0,1.0,0.0,0.0,1.0,2.4853798324885723
2018-03-10 16:38:23,16.04,27.3,0.0,1.0,0.0,0.0,1.0,2.4853798324885723
2018-03-10 16:38:36,16.29,27.3,0.0,1.0,0.0,0.0,1.0,2.4853798324885723
2018-03-10 16:38:55,16.22,27.31,0.0,1.0,0.0,0.0,1.0,2.4908204359461488
2018-03-10 16:39:08,16.28,27.3,0.0,1.0,0.0,0.0,1.0,2.4908204359461488
2018-03-10 16:39:27,16.52,27.31,0.0,1.0,0.0,0.0,1.0,2.4888358965156985
2018-03-10 16:39:33,16.53,27.32,0.0,1.0,0.0,0.0,1.0,2.4888358965156985
2018-03-10 16:39:46,16.53,27.32,0.0,1.0,0.0,0.0,1.0,2.4888358965156985
2018-03-10 16:40:12,16.54,27.33,0.0,1.0,0.0,0.0,1.0,2.506724907436989
2018-03-10 16:40:25,16.79,27.35,0.0,1.0,0.0,0.0,1.0,2.474811995647094
2018-03-10 16:40:37,17.13,27.38,0.0,1.0,0.0,0.0,1.0,2.497185919674704
2018-03-10 16:40:50,17.62,27.4,0.0,1.0,0.0,0.0,1.0,2.497185919674704
2018-03-10 16:41:03,17.98,27.45,0.0,1.0,0.0,0.0,1.0,2.497185919674704
2018-03-10 16:41:22,18.55,27.51,0.0,1.0,0.0,0.0,1.0,2.4828948896208174
2018-03-10 16:41:42,18.8,27.59,0.0,1.0,0.0,0.0,1.0,2.4828948896208174
2018-03-10 16:41:54,19.52,27.64,0.0,1.0,0.0,0.0,1.0,2.4828948896208174
2018-03-10 16:42:07,24.06,27.65,0.0,1.0,0.0,0.0,1.0,2.4828948896208174
2018-03-10 16:42:20,24.61,27.71,0.0,1.0,0.0,0.0,1.0,2.477076296380991
2018-03-10 16:42:39,25.14,27.8,0.0,1.0,0.0,0.0,1.0,2.477076296380991
2018-03-10 16:42:46,25.47,27.83,0.0,1.0,0.0,0.0,1.0,2.477076296380991
2018-03-10 17:11:34,19.47,30.78,0.0,1.0,0.0,0.0,1.0,2.440008351355948
2018-03-10 17:11:47,19.47,30.79,0.0,1.0,0.0,0.0,1.0,2.440008351355948
2018-03-10 17:21:57,20.08,30.57,0.0,1.0,0.0,0.0,1.0,2.440008351355948
2018-03-25 11:50:26,36.54,24.52,0.0,0.0,1.0,1.0,0.0,4.28771536809394
2018-03-25 11:50:33,41.75,24.58,0.0,0.0,1.0,1.0,0.0,4.28771536809394
2018-03-25 11:50:46,39.05,24.7,0.0,0.0,1.0,1.0,0.0,4.28771536809394
2018-03-25 11:51:05,36.62,24.84,0.0,0.0,1.0,1.0,0.0,4.28771536809394
2018-03-25 11:51:24,36.64,25.0,0.0,0.0,1.0,1.0,0.0,4.28771536809394
2018-03-25 11:51:43,32.76,25.14,0.0,0.0,1.0,1.0,0.0,4.28771536809394
2018-03-25 11:51:56,33.9,25.25,0.0,0.0,1.0,1.0,0.0,4.28771536809394
2018-03-25 11:52:03,33.81,25.29,0.0,0.0,1.0,1.0,0.0,4.28771536809394
2018-03-25 11:52:22,35.24,25.45,0.0,0.0,1.0,1.0,0.0,4.28771536809394
2018-03-25 11:52:41,34.91,25.6,0.0,0.0,1.0,1.0,0.0,4.28771536809394
2018-03-25 11:52:54,34.32,25.71,0.0,0.0,1.0,1.0,0.0,4.28771536809394
2018-03-25 11:53:00,34.02,25.77,0.0,0.0,1.0,1.0,0.0,4.28771536809394
2018-03-25 11:53:26,33.61,25.97,0.0,0.0,1.0,1.0,0.0,4.28771536809394
2018-03-25 11:53:39,33.43,26.08,0.0,0.0,1.0,1.0,0.0,4.28771536809394
2018-03-25 11:53:58,31.93,26.22,0.0,0.0,1.0,1.0,0.0,4.28771536809394
2018-03-25 11:54:11,32.31,26.32,0.0,0.0,1.0,1.0,0.0,4.28771536809394
2018-03-25 11:54:24,32.15,26.42,0.0,0.0,1.0,1.0,0.0,4.28771536809394
2018-03-25 11:54:30,31.69,26.46,0.0,0.0,1.0,1.0,0.0,4.28771536809394
2018-03-25 11:54:56,31.33,26.65,0.0,0.0,1.0,1.0,0.0,4.28771536809394
2018-03-25 11:55:02,29.37,26.67,0.0,0.0,1.0,1.0,0.0,4.28771536809394
2018-03-25 11:56:09,32.83,24.92,0.0,0.0,1.0,1.0,0.0,4.28771536809394
2018-03-25 11:56:28,32.91,25.1,0.0,0.0,1.0,1.0,0.0,4.28771536809394
2018-03-25 11:56:41,32.0,25.22,0.0,0.0,1.0,1.0,0.0,4.28771536809394
2018-03-25 11:56:54,32.42,25.36,0.0,0.0,1.0,1.0,0.0,4.28771536809394
2018-03-25 11:57:06,31.65,25.51,0.0,0.0,1.0,1.0,0.0,4.28771536809394
2018-03-25 11:57:19,32.31,25.64,0.0,0.0,1.0,1.0,0.0,4.28771536809394
2018-03-25 11:57:32,31.12,25.77,0.0,0.0,1.0,1.0,0.0,4.28771536809394
2018-03-25 11:57:58,31.44,26.05,0.0,0.0,1.0,1.0,0.0,4.28771536809394
2018-03-25 11:58:01,26.96,27.71,0.0,0.0,1.0,1.0,0.0,4.28771536809394
2018-03-25 11:58:27,26.68,27.84,0.0,0.0,1.0,1.0,0.0,4.28771536809394
2018-03-25 11:58:34,28.06,27.89,0.0,0.0,1.0,1.0,0.0,4.28771536809394
2018-03-25 11:58:57,36.15,23.91,0.0,0.0,1.0,1.0,0.0,4.28771536809394
2018-03-25 11:59:02,30.76,26.7,0.0,0.0,1.0,1.0,0.0,4.28771536809394
2018-03-25 11:59:19,35.0,23.92,0.0,0.0,1.0,1.0,0.0,4.28771536809394
2018-03-25 11:59:43,31.13,26.56,0.0,0.0,1.0,1.0,0.0,4.28771536809394
2018-03-25 11:59:49,31.72,26.62,0.0,0.0,1.0,1.0,0.0,4.28771536809394
2018-03-25 12:00:09,36.09,25.4,1.0,0.0,0.0,1.0,0.0,4.28771536809394
2018-03-25 12:00:22,37.88,25.55,1.0,0.0,0.0,1.0,0.0,4.28771536809394
2018-03-25 12:00:38,32.63,25.95,1.0,0.0,0.0,1.0,0.0,4.28771536809394
2018-03-25 12:00:48,25.88,28.57,1.0,0.0,0.0,1.0,0.0,4.28771536809394
2018-03-25 12:01:09,34.0,24.93,1.0,0.0,0.0,1.0,0.0,4.28771536809394
2018-03-25 12:01:20,32.68,28.8,1.0,0.0,0.0,1.0,0.0,4.28771536809394
2018-03-25 12:01:35,27.19,27.97,1.0,0.0,0.0,1.0,0.0,4.28771536809394
2018-03-25 12:01:52,32.63,25.34,1.0,0.0,0.0,1.0,0.0,4.28771536809394
2018-03-25 12:02:07,25.91,28.12,1.0,0.0,0.0,1.0,0.0,4.28771536809394
2018-03-25 12:02:20,25.83,28.24,1.0,0.0,0.0,1.0,0.0,4.28771536809394
2018-03-25 12:02:35,32.41,25.22,1.0,0.0,0.0,1.0,0.0,4.28771536809394
2018-03-25 12:02:53,32.31,25.77,1.0,0.0,0.0,1.0,0.0,4.28771536809394
2018-03-25 12:03:00,28.96,26.16,1.0,0.0,0.0,1.0,0.0,4.28771536809394
2018-03-25 12:03:16,31.81,26.03,1.0,0.0,0.0,1.0,0.0,4.28771536809394
2018-03-25 12:03:40,25.92,29.56,1.0,0.0,0.0,1.0,0.0,4.28771536809394
2018-03-25 12:03:55,22.98,28.5,1.0,0.0,0.0,1.0,0.0,4.28771536809394
2018-03-25 12:04:07,30.97,26.47,1.0,0.0,0.0,1.0,0.0,4.28771536809394
2018-03-25 12:04:16,29.67,26.49,1.0,0.0,0.0,1.0,0.0,4.28771536809394
2018-03-25 12:04:41,31.02,25.63,1.0,0.0,0.0,1.0,0.0,4.28771536809394
2018-03-25 12:04:45,34.02,25.54,1.0,0.0,0.0,1.0,0.0,4.247141640528777
2018-03-25 12:05:02,31.18,26.3,1.0,0.0,0.0,1.0,0.0,4.259902578428814
2018-03-25 12:05:23,27.54,28.73,1.0,0.0,0.0,1.0,0.0,4.237209056332554
2018-03-25 12:05:31,34.05,25.52,1.0,0.0,0.0,1.0,0.0,4.28771536809394
2018-03-25 12:05:45,31.88,25.38,1.0,0.0,0.0,1.0,0.0,4.28771536809394
2018-03-25 12:06:04,23.06,28.45,1.0,0.0,0.0,1.0,0.0,4.296897407927675
2018-03-25 12:06:28,32.64,27.47,1.0,0.0,0.0,1.0,0.0,4.252574005907056
2018-03-25 12:06:35,30.61,26.02,1.0,0.0,0.0,1.0,0.0,4.28771536809394
2018-03-25 12:06:54,30.75,27.71,1.0,0.0,0.0,1.0,0.0,4.163281824229898
2018-03-25 12:07:01,25.39,28.45,1.0,0.0,0.0,1.0,0.0,4.241515183395467
2018-03-25 12:07:17,29.72,27.32,1.0,0.0,0.0,1.0,0.0,4.28771536809394
2018-03-25 12:07:32,26.44,28.09,1.0,0.0,0.0,1.0,0.0,4.28771536809394
2018-03-25 12:07:47,27.42,28.44,1.0,0.0,0.0,1.0,0.0,4.28771536809394
2018-03-25 12:08:09,27.06,30.15,1.0,0.0,0.0,1.0,0.0,4.124543232672132
2018-03-25 12:08:25,30.9,26.8,1.0,0.0,0.0,1.0,0.0,4.28771536809394
2018-03-25 12:08:42,29.34,28.77,1.0,0.0,0.0,1.0,0.0,4.193942767795852
2018-03-25 12:08:49,24.05,28.36,1.0,0.0,0.0,1.0,0.0,4.28771536809394
2018-03-25 12:09:11,32.91,27.95,1.0,0.0,0.0,1.0,0.0,4.202603437471674
2018-03-25 12:09:16,25.8,26.93,1.0,0.0,0.0,1.0,0.0,4.28771536809394
2018-03-25 12:09:30,32.79,27.76,1.0,0.0,0.0,1.0,0.0,4.265996103221091
2018-03-25 12:09:53,29.64,27.62,1.0,0.0,0.0,1.0,0.0,4.429922609335853
2018-03-25 12:10:01,22.95,28.49,1.0,0.0,0.0,1.0,0.0,4.253094082687925
2018-03-25 12:10:27,33.02,28.22,1.0,0.0,0.0,1.0,0.0,4.399184288357178
2018-03-25 12:10:40,23.63,28.0,1.0,0.0,0.0,1.0,0.0,4.2479731505906315
2018-03-25 12:10:53,31.58,28.45,1.0,0.0,0.0,1.0,0.0,4.445822117634901
2018-03-25 12:11:05,30.52,28.11,1.0,0.0,0.0,1.0,0.0,4.461110585666957
2018-03-25 12:11:24,25.92,30.3,1.0,0.0,0.0,1.0,0.0,4.4393720091149
2018-03-25 12:11:44,24.61,27.3,1.0,0.0,0.0,1.0,0.0,4.256775221518867
2018-03-25 12:11:57,26.54,25.83,1.0,0.0,0.0,1.0,0.0,4.265310929911692
2018-03-25 12:12:09,24.78,27.07,1.0,0.0,0.0,1.0,0.0,4.267755293060944
2018-03-25 12:12:25,29.44,30.69,1.0,0.0,0.0,1.0,0.0,2.583713274308779
2018-03-25 12:12:40,24.78,26.5,1.0,0.0,0.0,1.0,0.0,4.2742817025081505
2018-03-25 12:12:49,26.28,25.62,1.0,0.0,0.0,1.0,0.0,4.276377569717657
2018-03-25 12:13:09,29.2,31.05,1.0,0.0,0.0,1.0,0.0,2.546272709979543
2018-03-25 12:13:24,27.89,29.18,1.0,0.0,0.0,1.0,0.0,4.828026217741767
2018-03-25 12:13:32,28.54,24.04,1.0,0.0,0.0,1.0,0.0,4.297665051092505
2018-03-25 12:13:59,30.37,24.42,1.0,0.0,0.0,1.0,0.0,4.252090349685583
2018-03-25 12:14:07,28.8,31.52,1.0,0.0,0.0,1.0,0.0,2.5735314253529684
2018-03-25 12:14:20,23.68,29.15,1.0,0.0,0.0,1.0,0.0,4.276316916371374
2018-03-25 12:14:35,28.41,29.91,1.0,0.0,0.0,1.0,0.0,4.94665831664078
2018-03-25 12:14:53,28.87,29.37,1.0,0.0,0.0,1.0,0.0,2.572967000171495
2018-03-25 12:15:07,26.72,25.89,1.0,0.0,0.0,1.0,0.0,4.36140190218092
2018-03-25 12:15:26,38.57,30.35,1.0,0.0,0.0,1.0,0.0,5.058143021124926
2018-03-25 12:15:32,36.12,30.4,1.0,0.0,0.0,1.0,0.0,5.058143021124926
2018-03-25 12:15:46,24.69,32.44,1.0,0.0,0.0,1.0,0.0,5.172495722031519
2018-03-25 12:16:14,28.98,25.37,1.0,0.0,0.0,1.0,0.0,4.42810846490623
2018-03-25 12:16:17,25.08,30.33,1.0,0.0,0.0,1.0,0.0,5.172177017806193
2018-03-25 12:16:42,28.31,30.48,1.0,0.0,0.0,1.0,0.0,4.191000196386532
2018-03-25 12:16:53,27.0,26.11,1.0,0.0,0.0,1.0,0.0,4.430042331023125
2018-03-25 12:17:10,20.15,30.33,1.0,0.0,0.0,1.0,0.0,4.318622802660891
2018-03-25 12:17:15,23.45,32.97,1.0,0.0,0.0,1.0,0.0,4.168987572105244
2018-03-25 12:17:44,27.72,26.18,1.0,0.0,0.0,1.0,0.0,4.333830823038966
2018-03-25 12:17:51,28.33,30.57,1.0,0.0,0.0,1.0,0.0,5.995267657714761
2018-03-25 12:18:05,28.45,30.5,1.0,0.0,0.0,1.0,0.0,1.9133977458941138
2018-03-25 12:18:28,27.74,26.64,1.0,0.0,0.0,1.0,0.0,4.389579300387044
2018-03-25 12:18:33,26.82,25.83,1.0,0.0,0.0,1.0,0.0,4.376923045680079
2018-03-25 12:18:51,24.95,33.96,1.0,0.0,0.0,1.0,0.0,1.6470931210542523
2018-03-25 12:19:01,26.73,31.97,1.0,0.0,0.0,1.0,0.0,6.057181787619991
2018-03-25 12:19:26,26.28,27.19,1.0,0.0,0.0,1.0,0.0,4.40066790958928
2018-03-25 12:19:35,28.25,30.99,1.0,0.0,0.0,1.0,0.0,1.5812010286384963
2018-03-25 12:19:54,28.15,31.09,1.0,0.0,0.0,1.0,0.0,1.5926135302259488
2018-03-25 12:20:14,24.36,34.39,1.0,0.0,0.0,1.0,0.0,1.5935104514427272
2018-03-25 12:20:21,28.54,32.61,1.0,0.0,0.0,1.0,0.0,5.729992612462335
2018-03-25 12:20:37,28.73,33.55,1.0,0.0,0.0,1.0,0.0,5.1031800613575955
2018-03-25 12:20:51,27.17,32.48,1.0,0.0,0.0,1.0,0.0,6.546048010522949
2018-03-25 12:21:11,21.41,33.97,1.0,0.0,0.0,1.0,0.0,1.3946446927607132
2018-03-25 12:21:18,28.46,31.54,1.0,0.0,0.0,1.0,0.0,7.31833135974796
2018-03-25 12:21:37,24.08,34.78,1.0,0.0,0.0,1.0,0.0,1.3340510311963585
2018-03-25 12:21:54,26.07,27.47,1.0,0.0,0.0,1.0,0.0,4.354768691966925
2018-03-25 12:22:04,22.2,28.47,1.0,0.0,0.0,1.0,0.0,4.25614767176021
2018-03-25 12:22:22,23.64,34.99,1.0,0.0,0.0,1.0,0.0,1.1322422102992606
2018-03-25 12:22:30,22.06,28.43,1.0,0.0,0.0,1.0,0.0,4.259470199086796
2018-03-25 12:22:48,28.45,32.02,1.0,0.0,0.0,1.0,0.0,7.672284246969158
2018-03-25 12:23:03,22.12,34.2,1.0,0.0,0.0,1.0,0.0,7.577800281089576
2018-03-25 12:23:16,21.85,30.01,1.0,0.0,0.0,1.0,0.0,4.25842578343285
2018-03-25 12:23:33,27.17,33.62,1.0,0.0,0.0,1.0,0.0,7.683038818087637
2018-03-25 12:23:48,23.05,29.96,1.0,0.0,0.0,1.0,0.0,4.247807487967535
2018-03-25 12:24:10,26.18,31.89,1.0,0.0,0.0,1.0,0.0,7.784512171464668
2018-03-25 12:24:23,25.36,31.94,1.0,0.0,0.0,1.0,0.0,7.832553503315601
2018-03-25 12:24:32,27.2,29.96,1.0,0.0,0.0,1.0,0.0,4.247807487967535
2018-03-25 12:24:52,22.83,29.59,1.0,0.0,0.0,1.0,0.0,4.34915921950707
2018-03-25 12:25:10,17.3,33.83,1.0,0.0,0.0,1.0,0.0,7.642197251841581
2018-03-25 12:25:27,22.41,28.99,1.0,0.0,0.0,1.0,0.0,4.380044188454174
2018-03-25 12:25:41,26.92,34.6,1.0,0.0,0.0,1.0,0.0,5.8867227582563615
2018-03-25 12:25:46,22.2,29.05,1.0,0.0,0.0,1.0,0.0,4.412738431734439
2018-03-25 12:26:06,25.21,34.58,1.0,0.0,0.0,1.0,0.0,8.580289298205987
2018-03-25 12:26:28,22.09,30.08,1.0,0.0,0.0,1.0,0.0,4.428039946212204
2018-03-25 12:26:31,26.27,30.41,1.0,0.0,0.0,1.0,0.0,4.781091479847368
2018-03-25 12:26:59,27.32,29.21,1.0,0.0,0.0,1.0,0.0,4.794878461102546
2018-03-25 12:27:09,22.64,29.79,1.0,0.0,0.0,1.0,0.0,4.438195617579095
2018-03-25 12:27:15,21.0,32.11,1.0,0.0,0.0,1.0,0.0,8.254296081264206
2018-03-25 12:27:30,18.3,32.99,1.0,0.0,0.0,1.0,0.0,8.277260000819249
2018-03-25 12:27:57,21.54,30.45,1.0,0.0,0.0,1.0,0.0,4.430824615611027
2018-03-25 12:28:02,25.61,35.34,1.0,0.0,0.0,1.0,0.0,5.942134686780141
2018-03-25 12:28:24,17.19,33.11,1.0,0.0,0.0,1.0,0.0,8.279897435515316
2018-03-25 12:28:39,11.5,36.88,1.0,0.0,0.0,1.0,0.0,0.5913829125292669
2018-03-25 12:28:54,14.3,33.62,1.0,0.0,0.0,1.0,0.0,0.5906615208683985
2018-03-25 12:29:06,18.85,32.37,1.0,0.0,0.0,1.0,0.0,8.190799349021049
2018-03-25 12:29:25,27.55,29.91,1.0,0.0,0.0,1.0,0.0,5.751309505306085
2018-03-25 12:29:31,13.78,35.14,1.0,0.0,0.0,1.0,0.0,0.5951492678041018
2018-03-25 12:29:48,20.93,30.01,1.0,0.0,0.0,1.0,0.0,4.493862260315618
2018-03-25 12:30:02,11.79,36.28,1.0,0.0,0.0,1.0,0.0,0.5778154257686462
2018-03-25 12:30:15,19.89,30.39,1.0,0.0,0.0,1.0,0.0,4.534612369387206
2018-03-25 12:30:34,16.49,33.05,1.0,0.0,0.0,1.0,0.0,9.131928807918678
2018-03-25 12:30:52,21.85,29.54,1.0,0.0,0.0,1.0,0.0,4.565358047734216
2018-03-25 12:31:08,19.88,31.07,1.0,0.0,0.0,1.0,0.0,7.929245550209896
2018-03-25 12:31:23,20.83,30.16,1.0,0.0,0.0,1.0,0.0,8.094856905841185
2018-03-25 12:31:37,22.09,28.79,1.0,0.0,0.0,1.0,0.0,4.594350553952672
2018-03-25 12:31:48,22.19,30.98,1.0,0.0,0.0,1.0,0.0,9.137078552915646
2018-03-25 12:32:00,21.53,30.94,1.0,0.0,0.0,1.0,0.0,11.29308140068248
2018-03-25 12:32:22,19.64,28.9,1.0,0.0,0.0,1.0,0.0,0.48159694168079875
2018-03-25 12:32:40,22.31,29.19,1.0,0.0,0.0,1.0,0.0,8.145051174113231
2018-03-25 12:32:46,15.95,34.78,1.0,0.0,0.0,1.0,0.0,7.761835716639253
2018-03-25 12:33:01,20.5,28.99,1.0,0.0,0.0,1.0,0.0,6.558472469880907
2018-03-25 12:33:15,21.39,29.74,1.0,0.0,0.0,1.0,0.0,6.588550373494964
2018-03-25 12:33:44,16.28,33.84,1.0,0.0,0.0,1.0,0.0,8.24596607384486
2018-03-25 12:33:46,20.31,28.45,1.0,0.0,0.0,1.0,0.0,0.5096636972528598
2018-03-25 12:34:08,19.85,29.39,1.0,0.0,0.0,1.0,0.0,6.552081021812908
2018-03-25 12:34:29,20.21,30.3,1.0,0.0,0.0,1.0,0.0,9.137078552915646
2018-03-25 12:34:41,16.33,34.61,1.0,0.0,0.0,1.0,0.0,7.80153666462373
2018-03-25 12:34:58,23.16,27.96,1.0,0.0,0.0,1.0,0.0,4.661852006600271
2018-03-25 12:35:09,21.26,28.05,1.0,0.0,0.0,1.0,0.0,0.5923591627243792
2018-03-25 12:35:23,25.91,28.19,1.0,0.0,0.0,1.0,0.0,4.658608875002658
2018-03-25 12:35:38,22.47,30.48,1.0,0.0,0.0,1.0,0.0,8.293302496601365
2018-03-25 12:35:52,19.76,29.77,1.0,0.0,0.0,1.0,0.0,9.127460691590253
2018-03-25 12:36:11,21.72,28.78,1.0,0.0,0.0,1.0,0.0,4.670317341004165
2018-03-25 12:36:18,20.7,29.67,1.0,0.0,0.0,1.0,0.0,9.127460691590253
2018-03-25 12:36:44,16.44,34.38,1.0,0.0,0.0,1.0,0.0,8.285880103405429
2018-03-25 12:36:49,15.79,34.56,1.0,0.0,0.0,1.0,0.0,7.761373893833408
2018-03-25 12:37:11,14.61,34.75,1.0,0.0,0.0,1.0,0.0,0.6773187272532517
2018-03-25 12:37:21,16.31,34.66,1.0,0.0,0.0,1.0,0.0,7.776262130832078
2018-03-25 12:37:44,21.81,36.79,1.0,0.0,0.0,1.0,0.0,6.668057399786544
2018-03-25 12:37:57,21.63,28.21,1.0,0.0,0.0,1.0,0.0,9.118280191642773
2018-03-25 12:38:04,21.18,28.61,1.0,0.0,0.0,1.0,0.0,9.118280191642773
2018-03-25 12:38:20,21.68,30.19,1.0,0.0,0.0,1.0,0.0,8.201061765475037
2018-03-25 12:38:40,20.11,28.3,1.0,0.0,0.0,1.0,0.0,0.7365776841039354
2018-03-25 12:38:49,21.67,28.27,1.0,0.0,0.0,1.0,0.0,4.715364170777234
2018-03-25 12:39:04,21.27,28.6,1.0,0.0,0.0,1.0,0.0,4.710647479174048
2018-03-25 12:39:23,22.16,28.28,1.0,0.0,0.0,1.0,0.0,4.710647479174048
2018-03-25 12:39:30,13.87,33.55,1.0,0.0,0.0,1.0,0.0,0.8151411691424795
2018-03-25 12:39:54,16.68,34.34,1.0,0.0,0.0,1.0,0.0,8.188349773237261
2018-03-25 12:40:04,21.88,28.56,1.0,0.0,0.0,1.0,0.0,9.13311951998882
2018-03-25 12:40:25,18.61,30.54,1.0,0.0,0.0,1.0,0.0,6.299469102195761
2018-03-25 12:40:42,24.39,28.82,1.0,0.0,0.0,1.0,0.0,0.7682687367442962
2018-03-25 12:40:49,18.43,35.28,1.0,0.0,0.0,1.0,0.0,0.7668052282566332
2018-03-25 12:41:02,24.26,28.91,1.0,0.0,0.0,1.0,0.0,0.7682687367442962
2018-03-25 12:41:26,17.96,34.64,1.0,0.0,0.0,1.0,0.0,7.84247002300044
2018-03-25 12:41:41,20.58,36.99,1.0,0.0,0.0,1.0,0.0,7.555779316550791
2018-03-25 12:41:58,22.29,28.1,1.0,0.0,0.0,1.0,0.0,9.134015684734146
2018-03-25 12:42:03,21.8,30.42,1.0,0.0,0.0,1.0,0.0,7.849931749325433
2018-03-25 12:42:19,19.07,29.91,1.0,0.0,0.0,1.0,0.0,6.179480815571947
2018-03-25 12:42:34,18.7,34.23,1.0,0.0,0.0,1.0,0.0,7.960372755586568
2018-03-25 12:42:48,20.9,30.65,1.0,0.0,0.0,1.0,0.0,7.7640206241075225
2018-03-25 12:43:10,23.36,26.77,1.0,0.0,0.0,1.0,0.0,9.120997001938123
2018-03-25 12:43:17,20.89,29.68,1.0,0.0,0.0,1.0,0.0,6.12760696949658
2018-03-25 12:43:37,25.57,25.24,1.0,0.0,0.0,1.0,0.0,4.54221991819792
2018-03-25 12:43:49,20.36,37.13,1.0,0.0,0.0,1.0,0.0,7.9814656939346635
2018-03-25 12:44:07,18.15,29.63,1.0,0.0,0.0,1.0,0.0,0.8233838698423218
2018-03-25 12:44:18,17.92,32.97,1.0,0.0,0.0,1.0,0.0,7.836390126139314
2018-03-25 12:44:39,13.92,34.03,1.0,0.0,0.0,1.0,0.0,0.8649559968502224
2018-03-25 12:44:49,22.35,29.13,1.0,0.0,0.0,1.0,0.0,6.109015231628311
2018-03-25 12:45:03,25.84,25.29,1.0,0.0,0.0,1.0,0.0,4.5066815043247574
2018-03-25 12:45:26,25.88,25.47,1.0,0.0,0.0,1.0,0.0,4.500970409228758
2018-03-25 12:45:30,19.51,28.95,1.0,0.0,0.0,1.0,0.0,0.9328284289212779
2018-03-25 12:45:58,21.71,28.58,1.0,0.0,0.0,1.0,0.0,6.0999386999592575
2018-03-25 12:46:11,22.67,28.47,1.0,0.0,0.0,1.0,0.0,6.083513705884499
2018-03-25 12:46:17,22.98,27.34,1.0,0.0,0.0,1.0,0.0,9.048768607447638
2018-03-25 12:46:33,24.81,26.18,1.0,0.0,0.0,1.0,0.0,4.481213664023033
2018-03-25 12:46:49,22.54,28.77,1.0,0.0,0.0,1.0,0.0,5.975250429747341
2018-03-25 12:47:07,19.78,28.82,1.0,0.0,0.0,1.0,0.0,0.9885102435690525
2018-03-25 12:47:26,22.61,27.49,1.0,0.0,0.0,1.0,0.0,8.958715751078959
2018-03-25 12:47:36,26.57,24.79,1.0,0.0,0.0,1.0,0.0,4.507689723721997
2018-03-25 12:47:49,17.8,33.23,1.0,0.0,0.0,1.0,0.0,7.754264236131411
2018-03-25 12:48:08,26.79,24.74,1.0,0.0,0.0,1.0,0.0,4.503574312572708
2018-03-25 12:48:21,19.76,31.58,1.0,0.0,0.0,1.0,0.0,7.753671120055269
2018-03-25 12:48:39,26.82,25.14,1.0,0.0,0.0,1.0,0.0,4.490273311130725
2018-03-25 12:48:47,19.9,31.81,1.0,0.0,0.0,1.0,0.0,7.753671120055269
2018-03-25 12:49:13,21.98,30.08,1.0,0.0,0.0,1.0,0.0,7.761105856100313
2018-03-25 12:49:28,23.54,26.95,1.0,0.0,0.0,1.0,0.0,8.813951250392384
2018-03-25 12:49:33,14.75,34.23,1.0,0.0,0.0,1.0,0.0,1.1050729996347737
2018-03-25 12:49:45,19.01,30.01,1.0,0.0,0.0,1.0,0.0,7.750721048805293
2018-03-25 12:50:05,21.8,28.65,1.0,0.0,0.0,1.0,0.0,5.9514970492550345
2018-03-25 12:50:20,12.82,36.72,1.0,0.0,0.0,1.0,0.0,8.788728362621793
2018-03-25 12:50:30,18.61,30.33,1.0,0.0,0.0,1.0,0.0,7.751121266090044
2018-03-25 12:50:51,21.0,27.88,1.0,0.0,0.0,1.0,0.0,1.110990195286507
2018-03-25 12:51:11,29.15,25.97,1.0,0.0,0.0,1.0,0.0,4.4095520387171705
2018-03-25 12:51:18,16.11,33.16,1.0,0.0,0.0,1.0,0.0,7.721875570970485
2018-03-25 12:51:40,14.48,33.53,1.0,0.0,0.0,1.0,0.0,7.739809559015156
2018-03-25 12:51:45,25.02,28.05,1.0,0.0,0.0,1.0,0.0,5.935391030101528
2018-03-25 12:52:01,16.63,31.75,1.0,0.0,0.0,1.0,0.0,1.1591254325320322
2018-03-25 12:52:29,25.01,25.73,1.0,0.0,0.0,1.0,0.0,8.599431843786862
2018-03-25 12:52:42,25.07,25.76,1.0,0.0,0.0,1.0,0.0,8.549821931758428
2018-03-25 12:52:55,25.47,28.23,1.0,0.0,0.0,1.0,0.0,5.953373574852929
2018-03-25 12:53:07,18.24,30.0,1.0,0.0,0.0,1.0,0.0,1.2770023122375926
2018-03-25 12:53:22,16.36,32.77,1.0,0.0,0.0,1.0,0.0,7.739449153722397
2018-03-25 12:53:31,21.7,29.17,1.0,0.0,0.0,1.0,0.0,5.931050928788772
2018-03-25 12:53:50,21.58,29.21,1.0,0.0,0.0,1.0,0.0,5.931050928788772
2018-03-25 12:54:14,17.12,31.75,1.0,0.0,0.0,1.0,0.0,7.726319256430385
2018-03-25 12:54:22,19.93,28.08,1.0,0.0,0.0,1.0,0.0,1.2473604786960861
2018-03-25 12:54:41,13.6,33.67,1.0,0.0,0.0,1.0,0.0,1.4331126233412868
2018-03-25 12:54:57,14.96,32.72,1.0,0.0,0.0,1.0,0.0,1.2473604786960861
2018-03-25 12:55:03,14.88,32.86,1.0,0.0,0.0,1.0,0.0,1.2473604786960861
2018-03-25 12:55:18,17.11,31.31,1.0,0.0,0.0,1.0,0.0,7.690898010098578
2018-03-25 12:55:36,26.5,27.27,1.0,0.0,0.0,1.0,0.0,4.310408624466508
2018-03-25 12:55:46,23.06,26.94,1.0,0.0,0.0,1.0,0.0,5.983715484933919
2018-03-25 12:56:05,23.75,26.7,1.0,0.0,0.0,1.0,0.0,5.996343814225714
2018-03-25 12:56:19,18.81,29.74,1.0,0.0,0.0,1.0,0.0,7.697076270420666
2018-03-25 12:56:43,23.09,26.33,1.0,0.0,0.0,1.0,0.0,1.206487411604564
2018-03-25 12:56:52,26.6,27.99,1.0,0.0,0.0,1.0,0.0,4.3007981339489305
2018-03-25 12:57:14,17.95,30.64,1.0,0.0,0.0,1.0,0.0,7.709688378718019
2018-03-25 12:57:27,20.58,28.23,1.0,0.0,0.0,1.0,0.0,7.712049097528583
2018-03-25 12:57:44,24.07,28.38,1.0,0.0,0.0,1.0,0.0,4.290254866502474
2018-03-25 12:57:52,17.87,30.45,1.0,0.0,0.0,1.0,0.0,7.709688378718019
2018-03-25 12:58:06,23.66,28.61,1.0,0.0,0.0,1.0,0.0,4.292412481899597
2018-03-25 12:58:29,22.83,28.67,1.0,0.0,0.0,1.0,0.0,4.2487761912366295
2018-03-25 12:58:36,24.26,28.0,1.0,0.0,0.0,1.0,0.0,4.255231643715752
2018-03-25 12:58:55,18.4,30.78,1.0,0.0,0.0,1.0,0.0,7.696776394571308
2018-03-25 12:59:12,23.91,27.33,1.0,0.0,0.0,1.0,0.0,6.154963468212421
2018-03-25 12:59:20,23.79,28.81,1.0,0.0,0.0,1.0,0.0,4.239096649237571
2018-03-25 12:59:37,19.71,29.44,1.0,0.0,0.0,1.0,0.0,1.2638920731748733
2018-03-25 12:59:53,24.47,26.5,1.0,0.0,0.0,1.0,0.0,6.295317161007786
2018-03-25 13:00:06,19.92,28.83,1.0,0.0,0.0,1.0,0.0,8.110837133648296
2018-03-25 13:00:19,19.96,28.9,1.0,0.0,0.0,1.0,0.0,8.077200177649834
2018-03-25 13:00:43,17.19,32.39,1.0,0.0,0.0,1.0,0.0,1.3206381466115689
2018-03-25 13:00:56,24.04,28.56,1.0,0.0,0.0,1.0,0.0,4.22103492699674
2018-03-25 13:01:06,17.93,30.69,1.0,0.0,0.0,1.0,0.0,1.3533039595481375
2018-03-25 13:01:24,22.23,30.51,1.0,0.0,0.0,1.0,0.0,7.735145797731589
2018-03-25 13:01:37,20.75,29.01,1.0,0.0,0.0,1.0,0.0,7.737500392351709
2018-03-25 13:01:51,17.59,30.14,1.0,0.0,0.0,1.0,0.0,8.075743054592463
2018-03-25 13:02:09,21.83,28.61,1.0,0.0,0.0,1.0,0.0,7.737500392351709
2018-03-25 13:02:15,19.52,30.05,1.0,0.0,0.0,1.0,0.0,7.802387002270816
2018-03-25 13:02:34,19.78,29.99,1.0,0.0,0.0,1.0,0.0,7.802387002270816
2018-03-25 13:02:51,24.35,28.17,1.0,0.0,0.0,1.0,0.0,4.172624854628573
2018-03-25 13:03:06,19.6,30.1,1.0,0.0,0.0,1.0,0.0,7.844653237597641
2018-03-25 13:03:15,20.38,29.34,1.0,0.0,0.0,1.0,0.0,7.871376329372914
2018-03-25 13:03:43,23.59,28.45,1.0,0.0,0.0,1.0,0.0,6.497004821789947
2018-03-25 13:03:46,20.56,27.38,1.0,0.0,0.0,1.0,0.0,8.050598554591975
2018-03-25 13:04:07,19.15,30.83,1.0,0.0,0.0,1.0,0.0,6.4899524607472525
2018-03-25 13:04:22,20.71,28.99,1.0,0.0,0.0,1.0,0.0,7.877612270311272
2018-03-25 13:04:34,16.92,32.16,1.0,0.0,0.0,1.0,0.0,1.6901089071258242
2018-03-25 13:04:52,21.52,28.05,1.0,0.0,0.0,1.0,0.0,7.907714792632126
2018-03-25 13:05:02,19.48,29.86,1.0,0.0,0.0,1.0,0.0,7.9105662922390305
2018-03-25 13:05:19,16.23,32.44,1.0,0.0,0.0,1.0,0.0,1.7024466169035557
2018-03-25 13:05:40,21.43,28.92,1.0,0.0,0.0,1.0,0.0,4.1912265756707505
2018-03-25 13:05:59,17.66,31.9,1.0,0.0,0.0,1.0,0.0,7.943002633731223
2018-03-25 13:06:08,19.69,29.4,1.0,0.0,0.0,1.0,0.0,1.4368161636323353
2018-03-25 13:06:20,23.94,27.14,1.0,0.0,0.0,1.0,0.0,7.948920560457251
2018-03-25 13:06:34,20.71,30.01,1.0,0.0,0.0,1.0,0.0,6.59881492354684
2018-03-25 13:06:45,20.86,27.97,1.0,0.0,0.0,1.0,0.0,8.256164272153885
2018-03-25 13:07:05,25.65,26.25,1.0,0.0,0.0,1.0,0.0,7.962963815460009
2018-03-25 13:07:24,24.8,26.95,1.0,0.0,0.0,1.0,0.0,6.587718143471933
2018-03-25 13:07:32,20.66,29.51,1.0,0.0,0.0,1.0,0.0,6.356793148814693
2018-03-25 13:07:48,20.58,28.56,1.0,0.0,0.0,1.0,0.0,8.333279475848535
2018-03-25 13:08:03,26.19,26.52,1.0,0.0,0.0,1.0,0.0,7.965633945176303
2018-03-25 13:08:17,23.77,26.5,1.0,0.0,0.0,1.0,0.0,8.346047079417525
2018-03-25 13:08:39,23.92,29.5,1.0,0.0,0.0,1.0,0.0,7.981821751012066
2018-03-25 13:08:46,21.62,28.17,1.0,0.0,0.0,1.0,0.0,8.345049035646394
2018-03-25 13:09:08,27.44,26.87,1.0,0.0,0.0,1.0,0.0,7.992477116693505
2018-03-25 13:09:25,22.13,28.3,1.0,0.0,0.0,1.0,0.0,8.345049035646394
2018-03-25 13:09:38,21.72,28.39,1.0,0.0,0.0,1.0,0.0,8.363982723858362
2018-03-25 13:09:55,23.76,27.69,1.0,0.0,0.0,1.0,0.0,6.587718143471933
2018-03-25 13:10:05,21.87,28.34,1.0,0.0,0.0,1.0,0.0,8.36498513621903
2018-03-25 13:10:19,24.73,27.39,1.0,0.0,0.0,1.0,0.0,4.340146502721983
2018-03-25 13:10:39,23.82,28.48,1.0,0.0,0.0,1.0,0.0,6.583179802250849
2018-03-25 13:10:58,22.99,26.9,1.0,0.0,0.0,1.0,0.0,8.358239726517303
2018-03-25 13:11:05,25.13,28.43,1.0,0.0,0.0,1.0,0.0,6.583179802250849
2018-03-25 13:11:18,23.63,28.33,1.0,0.0,0.0,1.0,0.0,6.356793148814693
2018-03-25 13:11:34,30.5,26.15,1.0,0.0,0.0,1.0,0.0,8.202496427854888
2018-03-25 13:11:50,22.99,28.14,1.0,0.0,0.0,1.0,0.0,6.372311950244838
2018-03-25 13:12:13,30.63,26.21,1.0,0.0,0.0,1.0,0.0,8.202496427854888
2018-03-25 13:12:23,20.19,28.14,1.0,0.0,0.0,1.0,0.0,8.36810461487575
2018-03-25 13:12:40,32.72,25.16,1.0,0.0,0.0,1.0,0.0,8.20518759586544
2018-03-25 13:12:58,26.29,28.54,1.0,0.0,0.0,1.0,0.0,8.208508437954707
2018-03-25 13:13:14,22.94,28.52,1.0,0.0,0.0,1.0,0.0,4.4073623170667195
2018-03-25 13:13:19,23.23,27.74,1.0,0.0,0.0,1.0,0.0,6.587718143471933
2018-03-25 13:13:30,31.31,25.26,1.0,0.0,0.0,1.0,0.0,8.187161995671651
2018-03-25 13:13:53,25.24,27.42,1.0,0.0,0.0,1.0,0.0,4.418204912692571
2018-03-25 13:14:01,20.67,28.54,1.0,0.0,0.0,1.0,0.0,1.0307660336451323
2018-03-25 13:14:21,31.95,24.67,1.0,0.0,0.0,1.0,0.0,8.252403094806672
2018-03-25 13:14:38,25.92,27.04,1.0,0.0,0.0,1.0,0.0,6.567743992391278
2018-03-25 13:14:49,25.24,27.74,1.0,0.0,0.0,1.0,0.0,4.333104529734413
2018-03-25 13:15:01,23.6,26.34,1.0,0.0,0.0,1.0,0.0,8.419211244371885
2018-03-25 13:15:23,19.28,29.65,1.0,0.0,0.0,1.0,0.0,1.7024466169035557
2018-03-25 13:15:30,35.14,23.7,1.0,0.0,0.0,1.0,0.0,8.20392657113409
2018-03-25 13:15:55,20.43,29.46,1.0,0.0,0.0,1.0,0.0,1.7024466169035557
2018-03-25 13:16:00,24.24,26.78,1.0,0.0,0.0,1.0,0.0,5.722376452255059
2018-03-25 13:16:26,28.15,27.46,1.0,0.0,0.0,1.0,0.0,8.416813603129041
2018-03-25 13:16:30,37.58,22.49,1.0,0.0,0.0,1.0,0.0,8.199212142944459
2018-03-25 13:16:45,29.81,27.38,1.0,0.0,0.0,1.0,0.0,8.416813603129041
2018-03-25 13:17:05,28.01,26.08,1.0,0.0,0.0,1.0,0.0,4.318981055692702
2018-03-25 13:17:16,24.86,25.77,1.0,0.0,0.0,1.0,0.0,8.603509380461807
2018-03-25 13:17:32,35.63,22.8,1.0,0.0,0.0,1.0,0.0,8.201135718146189
2018-03-25 13:17:50,27.92,26.37,1.0,0.0,0.0,1.0,0.0,4.318981055692702
2018-03-25 13:18:01,24.35,26.08,1.0,0.0,0.0,1.0,0.0,8.629650671549483
2018-03-25 13:18:27,24.02,26.28,1.0,0.0,0.0,1.0,0.0,8.723028186015274
2018-03-25 13:18:40,24.07,26.3,1.0,0.0,0.0,1.0,0.0,8.723028186015274
2018-03-25 13:18:55,23.8,26.6,1.0,0.0,0.0,1.0,0.0,8.666024461636804
2018-03-25 13:19:08,28.25,26.62,1.0,0.0,0.0,1.0,0.0,4.296544582391813
2018-03-25 13:19:16,27.69,25.02,1.0,0.0,0.0,1.0,0.0,6.773542199401338
2018-03-25 13:19:31,29.32,26.31,1.0,0.0,0.0,1.0,0.0,4.299585940551366
2018-03-25 13:19:56,24.87,26.09,1.0,0.0,0.0,1.0,0.0,8.711534223381333
2018-03-25 13:20:07,29.22,24.82,1.0,0.0,0.0,1.0,0.0,6.773542199401338
2018-03-25 13:20:16,22.99,28.55,1.0,0.0,0.0,1.0,0.0,1.7024466169035557
2018-03-25 13:20:41,37.45,22.51,1.0,0.0,0.0,1.0,0.0,8.249899894621427
2018-03-25 13:20:55,24.74,28.84,1.0,0.0,0.0,1.0,0.0,8.338894284634248
2018-03-25 13:21:04,23.61,27.09,1.0,0.0,0.0,1.0,0.0,1.7024466169035557
2018-03-25 13:21:16,24.91,27.3,1.0,0.0,0.0,1.0,0.0,1.7024466169035557
2018-03-25 13:21:32,23.35,26.74,1.0,0.0,0.0,1.0,0.0,8.681237604674966
2018-03-25 13:21:49,22.99,27.42,1.0,0.0,0.0,1.0,0.0,1.7024466169035557
2018-03-25 13:22:05,29.54,26.27,1.0,0.0,0.0,1.0,0.0,4.170739035526663
2018-03-25 13:22:29,22.48,27.25,1.0,0.0,0.0,1.0,0.0,8.664118644632063
2018-03-25 13:22:35,30.08,23.85,1.0,0.0,0.0,1.0,0.0,6.36099155106634
2018-03-25 13:22:59,24.09,27.19,1.0,0.0,0.0,1.0,0.0,1.7024466169035557
2018-03-25 13:23:11,23.76,26.79,1.0,0.0,0.0,1.0,0.0,8.822681409986274
2018-03-25 13:23:20,22.46,27.13,1.0,0.0,0.0,1.0,0.0,8.8265940215973
2018-03-25 13:23:36,24.38,28.55,1.0,0.0,0.0,1.0,0.0,8.366028234393086
2018-03-25 13:23:49,27.62,27.49,1.0,0.0,0.0,1.0,0.0,4.097072464530123
2018-03-25 13:24:11,22.47,26.5,1.0,0.0,0.0,1.0,0.0,8.770552302661363
2018-03-25 13:24:16,22.67,28.91,1.0,0.0,0.0,1.0,0.0,1.4845461426940412
2018-03-25 13:24:40,27.98,27.47,1.0,0.0,0.0,1.0,0.0,4.079363020669973
2018-03-25 13:24:49,31.02,24.51,1.0,0.0,0.0,1.0,0.0,4.385386121404129
2018-03-25 13:25:03,32.01,23.91,1.0,0.0,0.0,1.0,0.0,6.35419771316524
2018-03-25 13:25:26,22.98,29.11,1.0,0.0,0.0,1.0,0.0,1.4154610472761993
2018-03-25 13:25:31,23.54,29.19,1.0,0.0,0.0,1.0,0.0,8.508516389115725
2018-03-25 13:25:45,23.31,27.24,1.0,0.0,0.0,1.0,0.0,1.7024466169035557
2018-03-25 13:26:02,29.42,25.62,1.0,0.0,0.0,1.0,0.0,5.945261501804411
2018-03-25 13:26:27,29.3,25.76,1.0,0.0,0.0,1.0,0.0,6.35419771316524
2018-03-25 13:26:38,30.04,25.3,1.0,0.0,0.0,1.0,0.0,6.354405276034144
2018-03-25 13:26:58,34.9,23.54,1.0,0.0,0.0,1.0,0.0,8.555927288893416
2018-03-25 13:27:01,23.93,26.87,1.0,0.0,0.0,1.0,0.0,1.7024466169035557
2018-03-25 13:27:21,24.31,26.79,1.0,0.0,0.0,1.0,0.0,1.7024466169035557
2018-03-25 13:27:32,23.25,27.3,1.0,0.0,0.0,1.0,0.0,8.562918744993599
2018-03-25 13:27:47,24.53,26.68,1.0,0.0,0.0,1.0,0.0,1.7024466169035557
2018-03-25 13:28:11,29.29,28.44,1.0,0.0,0.0,1.0,0.0,4.100769619101496
2018-03-25 13:28:19,25.01,26.81,1.0,0.0,0.0,1.0,0.0,1.7024466169035557
2018-03-25 13:28:37,29.61,28.57,1.0,0.0,0.0,1.0,0.0,4.128048222507095
2018-03-25 13:28:47,27.83,28.84,1.0,0.0,0.0,1.0,0.0,4.135731738026349
2018-03-25 13:29:08,26.59,25.27,1.0,0.0,0.0,1.0,0.0,8.825525300619312
2018-03-25 13:29:16,24.08,29.03,1.0,0.0,0.0,1.0,0.0,8.631777166318882
2018-03-25 13:29:36,24.53,27.18,1.0,0.0,0.0,1.0,0.0,3.7062078475867226
2018-03-25 13:29:58,36.23,23.58,1.0,0.0,0.0,1.0,0.0,8.630180256179182
2018-03-25 13:30:08,33.42,24.28,1.0,0.0,0.0,1.0,0.0,8.623541766563514
2018-03-25 13:30:16,28.73,25.31,1.0,0.0,0.0,1.0,0.0,6.518547768531679
2018-03-25 13:30:43,26.7,29.0,1.0,0.0,0.0,1.0,0.0,8.85794832768984
2018-03-25 13:30:48,33.38,23.7,1.0,0.0,0.0,1.0,0.0,8.644406236089932
2018-03-25 13:31:11,23.21,29.92,1.0,0.0,0.0,1.0,0.0,8.62509434031109
2018-03-25 13:31:22,24.46,26.98,1.0,0.0,0.0,1.0,0.0,8.581109706726126
2018-03-25 13:31:43,26.06,28.41,1.0,0.0,0.0,1.0,0.0,4.178220235317821
2018-03-25 13:31:46,26.24,26.3,1.0,0.0,0.0,1.0,0.0,6.522951354357836
2018-03-25 13:32:03,27.41,27.87,1.0,0.0,0.0,1.0,0.0,1.7024466169035557
2018-03-25 13:32:25,26.74,26.55,1.0,0.0,0.0,1.0,0.0,6.488018637100288
2018-03-25 13:32:39,25.04,27.01,1.0,0.0,0.0,1.0,0.0,8.599117482525882
2018-03-25 13:32:48,23.76,28.0,1.0,0.0,0.0,1.0,0.0,8.613969668392372
2018-03-25 13:33:08,35.53,23.0,1.0,0.0,0.0,1.0,0.0,8.597974815345362
2018-03-25 13:33:24,25.51,26.84,1.0,0.0,0.0,1.0,0.0,8.672542777990257
2018-03-25 13:33:44,27.81,25.68,1.0,0.0,0.0,1.0,0.0,6.537397979036281
2018-03-25 13:33:50,25.73,27.82,1.0,0.0,0.0,1.0,0.0,8.665884053330782
2018-03-25 13:34:02,24.03,28.26,1.0,0.0,0.0,1.0,0.0,8.776807386861153
2018-03-25 13:34:23,25.35,27.17,1.0,0.0,0.0,1.0,0.0,6.511060764105185
2018-03-25 13:34:34,24.15,28.56,1.0,0.0,0.0,1.0,0.0,8.79921656014241
2018-03-25 13:34:47,28.17,25.58,1.0,0.0,0.0,1.0,0.0,8.788002691248403
2018-03-25 13:35:02,35.68,22.07,1.0,0.0,0.0,1.0,0.0,8.805386154915837
2018-03-25 13:35:21,26.39,26.21,1.0,0.0,0.0,1.0,0.0,6.4992022203764055
2018-03-25 13:35:39,23.32,28.06,1.0,0.0,0.0,1.0,0.0,1.4466536010265407
2018-03-25 13:35:58,29.62,25.37,1.0,0.0,0.0,1.0,0.0,8.48914963819318
2018-03-25 13:36:04,22.37,29.4,1.0,0.0,0.0,1.0,0.0,8.814735405691474
2018-03-25 13:36:15,26.77,26.28,1.0,0.0,0.0,1.0,0.0,6.499285158888521
2018-03-25 13:36:33,25.77,27.25,1.0,0.0,0.0,1.0,0.0,8.82160425667178
2018-03-25 13:36:47,25.63,26.59,1.0,0.0,0.0,1.0,0.0,6.522764844162605
2018-03-25 13:37:04,39.69,20.48,1.0,0.0,0.0,1.0,0.0,8.61857468362413
2018-03-25 13:37:27,23.25,29.47,1.0,0.0,0.0,1.0,0.0,8.81210876365683
2018-03-25 13:37:41,25.43,28.39,1.0,0.0,0.0,1.0,0.0,4.106099024052095
2018-03-25 13:37:50,27.11,25.69,1.0,0.0,0.0,1.0,0.0,1.467063518924722
2018-03-25 13:38:12,27.71,26.03,1.0,0.0,0.0,1.0,0.0,6.551092901403725
2018-03-25 13:38:26,26.29,26.23,1.0,0.0,0.0,1.0,0.0,6.5391759510860235
2018-03-25 13:38:35,37.18,21.88,1.0,0.0,0.0,1.0,0.0,8.631224082506462
2018-03-25 13:38:46,32.36,23.81,1.0,0.0,0.0,1.0,0.0,8.635153029306654
2018-03-25 13:39:01,27.49,26.66,1.0,0.0,0.0,1.0,0.0,8.826308833090332
2018-03-25 13:39:22,26.99,25.98,1.0,0.0,0.0,1.0,0.0,6.624828259650646
2018-03-25 13:39:35,26.79,26.1,1.0,0.0,0.0,1.0,0.0,6.655338399958605
2018-03-25 13:39:59,32.08,24.68,1.0,0.0,0.0,1.0,0.0,8.497519377763648
2018-03-25 13:40:07,28.48,25.5,1.0,0.0,0.0,1.0,0.0,6.676882117043478
2018-03-25 13:40:27,28.02,26.58,1.0,0.0,0.0,1.0,0.0,8.459746711422536
2018-03-25 13:40:43,33.57,23.65,1.0,0.0,0.0,1.0,0.0,7.682957007436377
2018-03-25 13:40:53,27.48,26.73,1.0,0.0,0.0,1.0,0.0,8.497519377763648
2018-03-25 13:41:07,26.18,26.24,1.0,0.0,0.0,1.0,0.0,6.732160045571093
2018-03-25 13:41:27,24.62,29.73,1.0,0.0,0.0,1.0,0.0,4.106099024052095
2018-03-25 13:41:42,26.92,26.72,1.0,0.0,0.0,1.0,0.0,6.796753780118738
2018-03-25 13:41:54,24.38,29.85,1.0,0.0,0.0,1.0,0.0,4.0061033761052816
2018-03-25 13:42:14,26.56,26.99,1.0,0.0,0.0,1.0,0.0,6.7840118099910685
2018-03-25 13:42:27,32.8,23.52,1.0,0.0,0.0,1.0,0.0,8.48048057456251
2018-03-25 13:42:32,26.54,27.33,1.0,0.0,0.0,1.0,0.0,6.7989444978272635
2018-03-25 13:42:57,26.58,26.84,1.0,0.0,0.0,1.0,0.0,1.3665530686471425
2018-03-25 13:43:08,29.64,25.56,1.0,0.0,0.0,1.0,0.0,1.3665530686471425
2018-03-25 13:43:18,32.82,23.72,1.0,0.0,0.0,1.0,0.0,8.65645391047216
2018-03-25 13:43:37,27.23,26.11,1.0,0.0,0.0,1.0,0.0,0.9549451214631507
2018-03-25 13:43:53,31.35,24.55,1.0,0.0,0.0,1.0,0.0,8.24824026205585
2018-03-25 13:44:11,25.76,27.31,1.0,0.0,0.0,1.0,0.0,1.4182528335899647
2018-03-25 13:44:20,30.76,25.03,1.0,0.0,0.0,1.0,0.0,8.356025738159149
2018-03-25 13:44:41,33.76,24.07,1.0,0.0,0.0,1.0,0.0,8.459746711422536
2018-03-25 13:44:46,24.61,28.85,1.0,0.0,0.0,1.0,0.0,4.106099024052095
2018-03-25 13:45:06,32.98,23.77,1.0,0.0,0.0,1.0,0.0,8.83666747117729
2018-03-25 13:45:27,27.97,28.15,1.0,0.0,0.0,1.0,0.0,6.777270131229111
2018-03-25 13:45:39,27.49,26.03,1.0,0.0,0.0,1.0,0.0,6.924740701470703
2018-03-25 13:45:46,27.28,28.92,1.0,0.0,0.0,1.0,0.0,6.783369176785511
2018-03-25 13:46:02,27.94,26.71,1.0,0.0,0.0,1.0,0.0,8.627420390082262
2018-03-25 13:46:29,24.7,27.14,1.0,0.0,0.0,1.0,0.0,3.3363790156051123
2018-03-25 13:46:34,27.44,27.97,1.0,0.0,0.0,1.0,0.0,4.082666572697362
2018-03-25 13:46:46,26.17,25.92,1.0,0.0,0.0,1.0,0.0,0.9549451214631507
2018-03-25 13:47:10,23.46,29.59,1.0,0.0,0.0,1.0,0.0,6.80962914640291
2018-03-25 13:47:21,27.6,26.17,1.0,0.0,0.0,1.0,0.0,8.841384933335933
2018-03-25 13:47:36,22.23,29.59,1.0,0.0,0.0,1.0,0.0,6.792224197420779
2018-03-25 13:47:59,28.21,27.09,1.0,0.0,0.0,1.0,0.0,8.388889303068481
2018-03-25 13:48:04,30.81,24.56,1.0,0.0,0.0,1.0,0.0,8.84281181842331
2018-03-25 13:48:18,24.24,30.2,1.0,0.0,0.0,1.0,0.0,4.038022821022938
2018-03-25 13:48:36,26.19,28.91,1.0,0.0,0.0,1.0,0.0,4.033669078928617
2018-03-25 13:48:48,25.55,29.27,1.0,0.0,0.0,1.0,0.0,4.011392001641935
2018-03-25 13:49:13,28.27,25.15,1.0,0.0,0.0,1.0,0.0,1.3013514582076087
2018-03-25 13:49:15,25.5,29.2,1.0,0.0,0.0,1.0,0.0,4.00168981499093
2018-03-25 13:49:39,26.77,26.87,1.0,0.0,0.0,1.0,0.0,8.326931025730248
2018-03-25 13:49:54,24.12,30.43,1.0,0.0,0.0,1.0,0.0,4.023709060971558
2018-03-25 13:50:05,27.04,26.74,1.0,0.0,0.0,1.0,0.0,8.323457286897149
2018-03-25 13:50:22,23.04,29.33,1.0,0.0,0.0,1.0,0.0,6.784467327214083
2018-03-25 13:50:31,23.36,29.69,1.0,0.0,0.0,1.0,0.0,4.115085472192331
2018-03-25 13:50:49,23.92,28.66,1.0,0.0,0.0,1.0,0.0,8.313866214060447
2018-03-25 13:51:13,24.77,29.13,1.0,0.0,0.0,1.0,0.0,6.784792097769473
2018-03-25 13:51:26,23.36,29.15,1.0,0.0,0.0,1.0,0.0,6.784792097769473
2018-03-25 13:51:30,31.44,24.73,1.0,0.0,0.0,1.0,0.0,8.841147730308778
2018-03-25 13:51:53,23.94,28.71,1.0,0.0,0.0,1.0,0.0,8.13940473561435
2018-03-25 13:52:03,30.42,24.44,1.0,0.0,0.0,1.0,0.0,8.847914107722252
2018-03-25 13:52:22,25.32,28.11,1.0,0.0,0.0,1.0,0.0,8.338601055228837
2018-03-25 13:52:30,21.79,29.22,1.0,0.0,0.0,1.0,0.0,6.7944284399196055
2018-03-25 13:52:57,31.62,24.07,1.0,0.0,0.0,1.0,0.0,8.838545578771184
2018-03-25 13:53:09,21.84,29.05,1.0,0.0,0.0,1.0,0.0,6.770235319892242
2018-03-25 13:53:17,30.63,24.4,1.0,0.0,0.0,1.0,0.0,8.81041827566496
2018-03-25 13:53:30,31.06,24.38,1.0,0.0,0.0,1.0,0.0,8.82131812277872
2018-03-25 13:53:46,30.15,24.85,1.0,0.0,0.0,1.0,0.0,8.83983816919462
2018-03-25 13:54:01,22.25,29.9,1.0,0.0,0.0,1.0,0.0,7.759548061502274
2018-03-25 13:54:28,24.93,27.23,1.0,0.0,0.0,1.0,0.0,8.219897549543044
2018-03-25 13:54:43,20.3,31.1,1.0,0.0,0.0,1.0,0.0,6.767688096770041
2018-03-25 13:54:54,22.94,28.5,1.0,0.0,0.0,1.0,0.0,6.773444104677803
2018-03-25 13:55:14,22.64,30.83,1.0,0.0,0.0,1.0,0.0,4.040875351400896
2018-03-25 13:55:21,25.22,27.62,1.0,0.0,0.0,1.0,0.0,8.258137644900145
2018-03-25 13:55:42,26.92,27.35,1.0,0.0,0.0,1.0,0.0,1.3665530686471425
2018-03-25 13:55:56,24.75,30.21,1.0,0.0,0.0,1.0,0.0,4.091013357918166
2018-03-25 13:56:02,23.16,29.35,1.0,0.0,0.0,1.0,0.0,6.747985320726355
2018-03-25 13:56:26,24.01,28.24,1.0,0.0,0.0,1.0,0.0,8.268624205173735
2018-03-25 13:56:44,26.78,26.55,1.0,0.0,0.0,1.0,0.0,0.87246751243094
2018-03-25 13:56:55,24.12,28.19,1.0,0.0,0.0,1.0,0.0,8.28226349451255
2018-03-25 13:57:14,25.29,27.94,1.0,0.0,0.0,1.0,0.0,8.317810832970785
2018-03-25 13:57:23,33.87,23.33,1.0,0.0,0.0,1.0,0.0,9.051349069615778
2018-03-25 13:57:36,24.64,29.21,1.0,0.0,0.0,1.0,0.0,4.0099059359160965
2018-03-25 13:57:50,22.75,30.7,1.0,0.0,0.0,1.0,0.0,6.740494770239746
2018-03-25 13:58:08,35.37,22.15,1.0,0.0,0.0,1.0,0.0,8.86051389782146
2018-03-25 13:58:21,30.6,26.22,1.0,0.0,0.0,1.0,0.0,1.349698942742171
2018-03-25 13:58:34,30.17,26.31,1.0,0.0,0.0,1.0,0.0,1.349698942742171
2018-03-25 13:58:54,25.41,27.57,1.0,0.0,0.0,1.0,0.0,8.319061875826403
2018-03-25 13:59:13,25.68,27.32,1.0,0.0,0.0,1.0,0.0,8.337699189490236
2018-03-25 13:59:16,25.38,27.53,1.0,0.0,0.0,1.0,0.0,8.334870410799944
2018-03-25 13:59:36,23.07,28.38,1.0,0.0,0.0,1.0,0.0,10.002591710863907
2018-03-25 13:59:49,25.78,26.95,1.0,0.0,0.0,1.0,0.0,0.87246751243094
2018-03-25 14:00:10,34.84,22.4,1.0,0.0,0.0,1.0,0.0,10.205586558343047
2018-03-25 14:00:26,25.03,27.09,1.0,0.0,0.0,1.0,0.0,8.438583788270705
2018-03-25 14:00:36,26.12,26.27,1.0,0.0,0.0,1.0,0.0,1.317255997846471
2018-03-25 14:00:55,23.21,28.51,1.0,0.0,0.0,1.0,0.0,8.434366867197813
2018-03-25 14:01:13,22.21,28.36,1.0,0.0,0.0,1.0,0.0,6.752814056136199
2018-03-25 14:01:23,23.22,28.61,1.0,0.0,0.0,1.0,0.0,8.450258979441923
2018-03-25 14:01:42,23.63,28.31,1.0,0.0,0.0,1.0,0.0,8.441014882013015
2018-03-25 14:01:50,22.2,29.57,1.0,0.0,0.0,1.0,0.0,8.43271733171936
2018-03-25 14:02:14,23.78,28.44,1.0,0.0,0.0,1.0,0.0,8.450660189578864
2018-03-25 14:02:25,20.96,29.12,1.0,0.0,0.0,1.0,0.0,6.749125737071558
2018-03-25 14:02:37,25.69,26.94,1.0,0.0,0.0,1.0,0.0,4.215255477369023
2018-03-25 14:02:56,36.92,22.3,1.0,0.0,0.0,1.0,0.0,8.186180557424901
2018-03-25 14:03:09,27.86,25.62,1.0,0.0,0.0,1.0,0.0,4.22626156313835
2018-03-25 14:03:24,40.12,20.16,1.0,0.0,0.0,1.0,0.0,9.777475116006752
2018-03-25 14:03:30,22.43,29.49,1.0,0.0,0.0,1.0,0.0,6.788951502772877
2018-03-25 14:03:53,36.25,22.57,1.0,0.0,0.0,1.0,0.0,9.83613268553722
2018-03-25 14:04:02,26.58,27.17,1.0,0.0,0.0,1.0,0.0,8.463621253762895
2018-03-25 14:04:18,23.58,29.39,1.0,0.0,0.0,1.0,0.0,4.251218084609729
2018-03-25 14:04:32,34.42,22.99,1.0,0.0,0.0,1.0,0.0,9.455089316013257
2018-03-25 14:04:54,34.47,22.57,1.0,0.0,0.0,1.0,0.0,8.821581197338011
2018-03-25 14:05:04,25.93,26.51,1.0,0.0,0.0,1.0,0.0,1.0592707269990387
2018-03-25 14:05:22,19.77,31.61,1.0,0.0,0.0,1.0,0.0,8.450310530670675
2018-03-25 14:05:32,37.09,22.0,1.0,0.0,0.0,1.0,0.0,9.835907479821055
2018-03-25 14:05:56,27.47,26.46,1.0,0.0,0.0,1.0,0.0,4.278494108866827
2018-03-25 14:06:04,22.15,29.48,1.0,0.0,0.0,1.0,0.0,6.846395727284875
2018-03-25 14:06:28,28.02,25.98,1.0,0.0,0.0,1.0,0.0,4.315322277185426
2018-03-25 14:06:39,25.08,27.18,1.0,0.0,0.0,1.0,0.0,1.0990925135176566
2018-03-25 14:06:47,29.39,25.0,1.0,0.0,0.0,1.0,0.0,9.773589866437868
2018-03-25 14:07:00,20.94,28.85,1.0,0.0,0.0,1.0,0.0,6.848043425787385
2018-03-25 14:07:19,21.18,28.96,1.0,0.0,0.0,1.0,0.0,6.831547286646039
2018-03-25 14:07:43,25.04,26.6,1.0,0.0,0.0,1.0,0.0,1.0073435083967663
2018-03-25 14:07:46,23.11,29.72,1.0,0.0,0.0,1.0,0.0,6.827349816729742
2018-03-25 14:08:13,27.47,25.37,1.0,0.0,0.0,1.0,0.0,1.0185973013693366
2018-03-25 14:08:28,27.32,26.92,1.0,0.0,0.0,1.0,0.0,4.309863342180254
2018-03-25 14:08:43,26.41,25.97,1.0,0.0,0.0,1.0,0.0,9.339413920631305
2018-03-25 14:08:47,20.23,31.19,1.0,0.0,0.0,1.0,0.0,8.561757085448562
2018-03-25 14:09:05,22.93,29.76,1.0,0.0,0.0,1.0,0.0,8.520964559088352
2018-03-25 14:09:20,26.22,25.4,1.0,0.0,0.0,1.0,0.0,9.310768996664716
2018-03-25 14:09:35,20.53,30.04,1.0,0.0,0.0,1.0,0.0,6.789486651662979
2018-03-25 14:09:51,21.44,30.25,1.0,0.0,0.0,1.0,0.0,8.618069350186483
2018-03-25 14:10:06,31.72,22.39,1.0,0.0,0.0,1.0,0.0,9.379999958039875
2018-03-25 14:10:17,26.04,26.48,1.0,0.0,0.0,1.0,0.0,0.9978325774630071
2018-03-25 14:10:37,24.23,29.1,1.0,0.0,0.0,1.0,0.0,4.2843005885998355
2018-03-25 14:10:58,26.04,27.83,1.0,0.0,0.0,1.0,0.0,8.417900530051988
2018-03-25 14:11:03,25.94,27.66,1.0,0.0,0.0,1.0,0.0,4.225152951437548
2018-03-25 14:11:20,23.12,29.42,1.0,0.0,0.0,1.0,0.0,8.267817827547509
2018-03-25 14:11:40,24.57,28.97,1.0,0.0,0.0,1.0,0.0,8.34187415557738
2018-03-25 14:11:45,28.71,24.43,1.0,0.0,0.0,1.0,0.0,0.912234189280955
2018-03-25 14:12:11,24.62,26.93,1.0,0.0,0.0,1.0,0.0,8.53789441987541
2018-03-25 14:12:18,23.31,28.24,1.0,0.0,0.0,1.0,0.0,8.314432359594473
2018-03-25 14:12:41,21.58,31.46,1.0,0.0,0.0,1.0,0.0,6.7461728882958285
2018-03-25 14:12:52,26.9,26.61,1.0,0.0,0.0,1.0,0.0,9.422051877085494
2018-03-25 14:13:07,24.02,27.74,1.0,0.0,0.0,1.0,0.0,9.430996090649336
2018-03-25 14:13:25,28.27,25.34,1.0,0.0,0.0,1.0,0.0,9.422926894659106
2018-03-25 14:13:44,23.77,27.11,1.0,0.0,0.0,1.0,0.0,0.8974173961109042
2018-03-25 14:13:54,27.01,26.65,1.0,0.0,0.0,1.0,0.0,8.486954817368085
2018-03-25 14:14:04,25.13,27.44,1.0,0.0,0.0,1.0,0.0,4.297532493857185
2018-03-25 14:14:18,25.46,27.04,1.0,0.0,0.0,1.0,0.0,4.265703427778936
2018-03-25 14:14:30,18.83,31.12,1.0,0.0,0.0,1.0,0.0,6.671050207368709
2018-03-25 14:14:57,27.3,25.16,1.0,0.0,0.0,1.0,0.0,8.344763810787077
2018-03-25 14:15:10,29.91,24.44,1.0,0.0,0.0,1.0,0.0,8.344763810787077
2018-03-25 14:15:21,27.0,25.31,1.0,0.0,0.0,1.0,0.0,8.57303452721098
2018-03-25 14:15:34,21.68,28.64,1.0,0.0,0.0,1.0,0.0,6.638849316392772
2018-03-25 14:15:48,24.51,27.07,1.0,0.0,0.0,1.0,0.0,4.255654796343142
2018-03-25 14:16:11,26.53,27.48,1.0,0.0,0.0,1.0,0.0,4.251280504332815
2018-03-25 14:16:27,25.13,26.95,1.0,0.0,0.0,1.0,0.0,0.9384137076023585
2018-03-25 14:16:38,21.76,28.55,1.0,0.0,0.0,1.0,0.0,6.617005230374722
2018-03-25 14:16:53,27.63,24.6,1.0,0.0,0.0,1.0,0.0,8.758798858769376
2018-03-25 14:17:10,27.01,25.07,1.0,0.0,0.0,1.0,0.0,8.43316796113231
2018-03-25 14:17:24,23.99,26.98,1.0,0.0,0.0,1.0,0.0,0.9573427301003167
2018-03-25 14:17:34,20.91,29.42,1.0,0.0,0.0,1.0,0.0,4.25109187856936
2018-03-25 14:17:49,26.89,25.67,1.0,0.0,0.0,1.0,0.0,8.563030423874403
2018-03-25 14:18:01,27.19,25.63,1.0,0.0,0.0,1.0,0.0,8.656991792342593
2018-03-25 14:18:15,21.72,29.07,1.0,0.0,0.0,1.0,0.0,9.384190813297351
2018-03-25 14:18:34,20.54,29.41,1.0,0.0,0.0,1.0,0.0,9.384190813297351
2018-03-25 14:18:46,27.36,25.2,1.0,0.0,0.0,1.0,0.0,8.522224589857306
2018-03-25 14:19:01,29.28,24.49,1.0,0.0,0.0,1.0,0.0,8.73432028481419
2018-03-25 14:19:17,29.28,23.7,1.0,0.0,0.0,1.0,0.0,0.9929019940462571
2018-03-25 14:19:35,23.1,28.22,1.0,0.0,0.0,1.0,0.0,8.730624616718012
2018-03-25 14:19:45,26.47,26.22,1.0,0.0,0.0,1.0,0.0,8.552830178732302
2018-03-25 14:20:07,23.29,28.79,1.0,0.0,0.0,1.0,0.0,8.822538378089916
2018-03-25 14:20:27,19.91,29.52,1.0,0.0,0.0,1.0,0.0,6.613503556735412
2018-03-25 14:20:40,23.67,28.01,1.0,0.0,0.0,1.0,0.0,9.18377636121459
2018-03-25 14:20:52,26.62,27.71,1.0,0.0,0.0,1.0,0.0,9.153999990667174
2018-03-25 14:21:05,25.3,27.93,1.0,0.0,0.0,1.0,0.0,4.31250928329498
2018-03-25 14:21:25,29.79,26.12,1.0,0.0,0.0,1.0,0.0,8.610268184810282
2018-03-25 14:21:30,22.95,27.86,1.0,0.0,0.0,1.0,0.0,4.31250928329498
2018-03-25 14:21:48,27.94,24.79,1.0,0.0,0.0,1.0,0.0,0.8875741104007826
2018-03-25 14:22:08,28.42,24.37,1.0,0.0,0.0,1.0,0.0,0.8875741104007826
2018-03-25 14:22:22,21.08,29.69,1.0,0.0,0.0,1.0,0.0,6.607697204874531
2018-03-25 14:22:40,20.53,28.5,1.0,0.0,0.0,1.0,0.0,6.608611019031608
2018-03-25 14:22:57,21.16,29.51,1.0,0.0,0.0,1.0,0.0,6.608700389000125
2018-03-25 14:23:11,24.03,26.79,1.0,0.0,0.0,1.0,0.0,0.8910873496402729
2018-03-25 14:23:29,27.1,26.4,1.0,0.0,0.0,1.0,0.0,8.355386959677123
2018-03-25 14:23:40,27.97,27.34,1.0,0.0,0.0,1.0,0.0,8.847690222516004
2018-03-25 14:23:48,28.36,24.92,1.0,0.0,0.0,1.0,0.0,0.8931949788429642
2018-03-25 14:24:05,21.74,29.2,1.0,0.0,0.0,1.0,0.0,9.142949247964122
2018-03-25 14:24:23,21.03,28.61,1.0,0.0,0.0,1.0,0.0,6.608611019031608
2018-03-25 14:24:42,21.12,29.58,1.0,0.0,0.0,1.0,0.0,8.342139356094004
2018-03-25 14:24:46,33.33,26.16,1.0,0.0,0.0,1.0,0.0,0.9054333329759275
2018-03-25 14:25:12,22.72,29.97,1.0,0.0,0.0,1.0,0.0,6.608700389000125
2018-03-25 14:25:24,30.47,26.12,1.0,0.0,0.0,1.0,0.0,8.362938675834224
2018-03-25 14:25:30,20.97,28.75,1.0,0.0,0.0,1.0,0.0,9.144632760447683
2018-03-25 14:25:49,21.39,28.69,1.0,0.0,0.0,1.0,0.0,9.132326916385564
2018-03-25 14:26:10,24.49,27.97,1.0,0.0,0.0,1.0,0.0,8.572712399475451
2018-03-25 14:26:26,29.19,27.83,1.0,0.0,0.0,1.0,0.0,1.2046567524007987
2018-03-25 14:26:43,20.5,29.56,1.0,0.0,0.0,1.0,0.0,6.607697204874531
2018-03-25 14:26:45,23.75,28.16,1.0,0.0,0.0,1.0,0.0,4.28771536809394
2018-03-25 14:27:02,20.22,29.43,1.0,0.0,0.0,1.0,0.0,6.607697204874531
2018-03-25 14:27:20,28.47,27.77,1.0,0.0,0.0,1.0,0.0,1.2424043639634885
2018-03-25 14:27:33,27.44,25.35,1.0,0.0,0.0,1.0,0.0,8.282716520944966
2018-03-25 14:27:51,28.2,25.54,1.0,0.0,0.0,1.0,0.0,8.406154418809088
2018-03-25 14:28:03,22.43,28.32,1.0,0.0,0.0,1.0,0.0,9.080084338476693
2018-03-25 14:28:17,27.32,25.49,1.0,0.0,0.0,1.0,0.0,8.406154418809088
2018-03-25 14:28:44,24.55,27.67,1.0,0.0,0.0,1.0,0.0,8.572712399475451
2018-03-25 14:28:48,20.46,30.08,1.0,0.0,0.0,1.0,0.0,6.608882311915136
2018-03-25 14:29:11,21.2,28.6,1.0,0.0,0.0,1.0,0.0,6.600000053384893
2018-03-25 14:29:25,26.85,27.42,1.0,0.0,0.0,1.0,0.0,8.505299055256826
2018-03-25 14:29:37,24.24,28.67,1.0,0.0,0.0,1.0,0.0,8.45835799280522
2018-03-25 14:29:53,36.32,29.68,1.0,0.0,0.0,1.0,0.0,1.5039787102126285
2018-03-25 14:30:02,21.2,28.54,1.0,0.0,0.0,1.0,0.0,6.569559044293697
2018-03-25 14:30:17,26.46,27.03,1.0,0.0,0.0,1.0,0.0,8.614558751961775
2018-03-25 14:30:42,27.35,26.72,1.0,0.0,0.0,1.0,0.0,8.356302623961227
2018-03-25 14:30:45,34.08,26.17,1.0,0.0,0.0,1.0,0.0,8.847690222516004
2018-03-25 14:31:11,28.18,31.25,1.0,0.0,0.0,1.0,0.0,1.5039787102126285
2018-03-25 14:31:28,21.1,29.21,1.0,0.0,0.0,1.0,0.0,6.55937519655826
2018-03-25 14:31:42,30.39,25.25,1.0,0.0,0.0,1.0,0.0,8.629044506085085
2018-03-25 14:31:55,31.11,30.57,1.0,0.0,0.0,1.0,0.0,1.5730143650491217
2018-03-25 14:32:06,20.81,30.17,1.0,0.0,0.0,1.0,0.0,9.127643355633303
2018-03-25 14:32:20,30.75,24.83,1.0,0.0,0.0,1.0,0.0,6.79790902191035
2018-03-25 14:32:36,21.64,29.13,1.0,0.0,0.0,1.0,0.0,6.605824209146921
2018-03-25 14:32:53,29.56,25.05,1.0,0.0,0.0,1.0,0.0,7.194442873707272
2018-03-25 14:33:04,31.28,24.38,1.0,0.0,0.0,1.0,0.0,6.79790902191035
2018-03-25 14:33:24,30.3,24.49,1.0,0.0,0.0,1.0,0.0,8.847690222516004
2018-03-25 14:33:35,23.71,31.5,1.0,0.0,0.0,1.0,0.0,1.9066055852049102
2018-03-25 14:33:51,29.58,25.19,1.0,0.0,0.0,1.0,0.0,8.576535129674982
2018-03-25 14:34:05,22.99,28.19,1.0,0.0,0.0,1.0,0.0,6.605824209146921
2018-03-25 14:34:26,26.42,26.83,1.0,0.0,0.0,1.0,0.0,8.847690222516004
2018-03-25 14:34:35,22.92,27.04,1.0,0.0,0.0,1.0,0.0,9.132551807654409
2018-03-25 14:34:56,32.8,23.13,1.0,0.0,0.0,1.0,0.0,8.612714018750934
2018-03-25 14:35:13,30.45,24.37,1.0,0.0,0.0,1.0,0.0,8.842841183614341
2018-03-25 14:35:27,29.29,24.95,1.0,0.0,0.0,1.0,0.0,8.847690222516004
2018-03-25 14:35:41,32.24,23.47,1.0,0.0,0.0,1.0,0.0,8.835870556171404
2018-03-25 14:35:53,28.2,25.7,1.0,0.0,0.0,1.0,0.0,8.507154804440583
2018-03-25 14:36:13,22.92,28.46,1.0,0.0,0.0,1.0,0.0,6.592459539135707
2018-03-25 14:36:20,22.77,28.61,1.0,0.0,0.0,1.0,0.0,6.5927976464830955
2018-03-25 14:36:41,26.51,26.68,1.0,0.0,0.0,1.0,0.0,8.835870556171404
2018-03-25 14:36:51,26.78,26.43,1.0,0.0,0.0,1.0,0.0,8.793830560764258
2018-03-25 14:37:11,32.39,23.68,1.0,0.0,0.0,1.0,0.0,8.747042513028013
2018-03-25 14:37:27,29.93,24.85,1.0,0.0,0.0,1.0,0.0,8.561340462946006
2018-03-25 14:37:41,27.11,26.4,1.0,0.0,0.0,1.0,0.0,8.801799901066573
2018-03-25 14:37:54,20.56,28.67,1.0,0.0,0.0,1.0,0.0,9.124534295296034
2018-03-25 14:38:13,19.92,29.72,1.0,0.0,0.0,1.0,0.0,9.115829077372297
2018-03-25 14:38:28,28.56,28.07,1.0,0.0,0.0,1.0,0.0,6.5922975381653295
2018-03-25 14:38:32,20.81,28.29,1.0,0.0,0.0,1.0,0.0,9.093826541122073
2018-03-25 14:38:51,23.57,29.81,1.0,0.0,0.0,1.0,0.0,9.09111719472913
2018-03-25 14:39:01,29.1,28.3,1.0,0.0,0.0,1.0,0.0,6.5922975381653295
2018-03-25 14:39:27,25.43,29.75,1.0,0.0,0.0,1.0,0.0,9.067011585942101
2018-03-25 14:39:33,29.62,28.35,1.0,0.0,0.0,1.0,0.0,5.805560233172536
2018-03-25 14:39:46,22.65,33.06,1.0,0.0,0.0,1.0,0.0,2.227374853826943
2018-03-25 14:40:01,28.62,25.61,1.0,0.0,0.0,1.0,0.0,8.847690222516004
2018-03-25 14:40:22,26.47,33.34,1.0,0.0,0.0,1.0,0.0,2.2210451213257136
2018-03-25 14:40:42,24.41,33.4,1.0,0.0,0.0,1.0,0.0,2.2658368256767725
2018-03-25 14:40:50,24.06,31.3,1.0,0.0,0.0,1.0,0.0,3.3853116967872
2018-03-25 14:41:05,28.28,29.27,1.0,0.0,0.0,1.0,0.0,8.658628389636775
2018-03-25 14:41:27,28.41,29.63,1.0,0.0,0.0,1.0,0.0,4.782081243650953
2018-03-25 14:41:30,30.39,28.69,1.0,0.0,0.0,1.0,0.0,5.172261006379737
2018-03-25 14:41:54,21.69,33.66,1.0,0.0,0.0,1.0,0.0,2.71172660779872
2018-03-25 14:42:06,27.98,29.93,1.0,0.0,0.0,1.0,0.0,4.795042361050553
2018-03-25 14:42:25,27.96,30.06,1.0,0.0,0.0,1.0,0.0,4.766419914577771
2018-03-25 14:42:30,30.7,27.86,1.0,0.0,0.0,1.0,0.0,8.320781719578804
2018-03-25 14:42:59,21.62,33.88,1.0,0.0,0.0,1.0,0.0,2.9130632829098966
2018-03-25 14:43:13,29.35,27.4,1.0,0.0,0.0,1.0,0.0,8.449001836710513
2018-03-25 14:43:29,22.09,32.01,1.0,0.0,0.0,1.0,0.0,3.7005738476980925
2018-03-25 14:43:30,27.11,31.38,1.0,0.0,0.0,1.0,0.0,7.865123938961347
2018-03-25 14:43:49,27.01,31.54,1.0,0.0,0.0,1.0,0.0,7.747370112662759
2018-03-25 14:44:05,27.87,28.18,1.0,0.0,0.0,1.0,0.0,8.48079901616611
2018-03-25 14:44:20,18.47,30.08,1.0,0.0,0.0,1.0,0.0,4.256731401063824
2018-03-25 14:44:38,21.66,34.57,1.0,0.0,0.0,1.0,0.0,3.500965192574411
2018-03-25 14:44:55,26.35,30.15,1.0,0.0,0.0,1.0,0.0,7.1459115585346
2018-03-25 14:45:03,28.83,28.37,1.0,0.0,0.0,1.0,0.0,7.568352652149129
2018-03-25 14:45:21,29.23,30.62,1.0,0.0,0.0,1.0,0.0,7.625878434144591
2018-03-25 14:45:42,26.6,28.51,1.0,0.0,0.0,1.0,0.0,7.460390386193793
2018-03-25 14:45:53,27.75,30.99,1.0,0.0,0.0,1.0,0.0,7.625878434144591
2018-03-25 14:46:03,27.0,34.65,1.0,0.0,0.0,1.0,0.0,3.9057442292132167
2018-03-25 14:46:28,20.17,28.04,1.0,0.0,0.0,1.0,0.0,4.315326537799728
2018-03-25 14:46:34,45.85,32.74,1.0,0.0,0.0,1.0,0.0,6.843934230357133
2018-03-25 14:46:54,24.22,33.1,1.0,0.0,0.0,1.0,0.0,4.260715240338727
2018-03-25 14:47:03,18.91,34.25,1.0,0.0,0.0,1.0,0.0,4.238911822868733
2018-03-25 14:47:15,21.07,28.76,1.0,0.0,0.0,1.0,0.0,4.331799224780933
2018-03-25 14:47:40,23.16,31.56,1.0,0.0,0.0,1.0,0.0,6.699686040038056
2018-03-25 14:47:56,30.26,29.22,1.0,0.0,0.0,1.0,0.0,7.413966033489774
2018-03-25 14:48:09,30.48,29.3,1.0,0.0,0.0,1.0,0.0,7.413966033489774
2018-03-25 14:48:26,16.04,33.61,1.0,0.0,0.0,1.0,0.0,4.28771536809394
2018-03-25 14:48:36,15.64,33.75,1.0,0.0,0.0,1.0,0.0,4.271093082045034
2018-03-25 14:48:50,15.95,33.88,1.0,0.0,0.0,1.0,0.0,4.28771536809394
2018-03-25 14:49:10,25.23,32.77,1.0,0.0,0.0,1.0,0.0,7.41927715842921
2018-03-25 14:49:29,16.72,33.82,1.0,0.0,0.0,1.0,0.0,4.28771536809394
2018-03-25 14:49:44,29.21,29.97,1.0,0.0,0.0,1.0,0.0,7.318591999093229
2018-03-25 14:49:56,27.87,31.35,1.0,0.0,0.0,1.0,0.0,7.684347796525027
2018-03-25 14:50:10,22.17,34.41,1.0,0.0,0.0,1.0,0.0,5.745516965871928
2018-03-25 14:50:28,22.28,27.69,1.0,0.0,0.0,1.0,0.0,4.273920862886779
2018-03-25 14:50:37,24.49,31.71,1.0,0.0,0.0,1.0,0.0,6.50689196332608
2018-03-25 14:50:54,27.19,31.91,1.0,0.0,0.0,1.0,0.0,6.78374391328001
2018-03-25 14:51:09,24.29,31.89,1.0,0.0,0.0,1.0,0.0,6.442025943389796
2018-03-25 14:51:16,28.3,31.37,1.0,0.0,0.0,1.0,0.0,5.914940005918789
2018-03-25 14:51:42,28.19,31.55,1.0,0.0,0.0,1.0,0.0,6.476224263004141
2018-03-25 14:51:52,21.93,34.78,1.0,0.0,0.0,1.0,0.0,4.69145774302367
2018-03-25 14:52:05,21.95,34.82,1.0,0.0,0.0,1.0,0.0,4.693888156161928
2018-03-25 14:52:28,18.01,31.96,1.0,0.0,0.0,1.0,0.0,4.28771536809394
2018-03-25 14:52:33,18.34,32.86,1.0,0.0,0.0,1.0,0.0,4.28771536809394
2018-03-25 14:52:58,18.26,32.81,1.0,0.0,0.0,1.0,0.0,4.28771536809394
2018-03-25 14:53:11,18.46,32.8,1.0,0.0,0.0,1.0,0.0,4.28771536809394
2018-03-25 14:53:19,23.67,33.29,1.0,0.0,0.0,1.0,0.0,4.680031410720167
2018-03-25 14:53:39,21.95,33.24,1.0,0.0,0.0,1.0,0.0,4.604519794073282
2018-03-25 14:53:46,25.34,31.47,1.0,0.0,0.0,1.0,0.0,4.660169778465704
2018-03-25 14:54:12,24.98,31.6,1.0,0.0,0.0,1.0,0.0,4.255587369005671
2018-03-25 14:54:18,20.14,33.2,1.0,0.0,0.0,1.0,0.0,4.197860264330521
2018-03-25 14:54:41,20.08,36.58,1.0,0.0,0.0,1.0,0.0,4.684098216775376
2018-03-25 14:54:58,24.29,31.78,1.0,0.0,0.0,1.0,0.0,4.101605535032573
2018-03-25 14:55:11,21.64,35.41,1.0,0.0,0.0,1.0,0.0,4.650288122432073
2018-03-25 14:55:17,21.69,35.42,1.0,0.0,0.0,1.0,0.0,4.649330843824728
2018-03-25 14:55:37,18.58,32.57,1.0,0.0,0.0,1.0,0.0,4.28771536809394
2018-03-25 14:55:50,22.61,33.02,1.0,0.0,0.0,1.0,0.0,4.825195928790786
2018-03-25 14:56:12,18.33,31.62,1.0,0.0,0.0,1.0,0.0,4.28771536809394
2018-03-25 14:56:24,22.02,29.22,1.0,0.0,0.0,1.0,0.0,4.28771536809394
2018-03-25 14:56:44,21.89,35.69,1.0,0.0,0.0,1.0,0.0,4.267150705900932
2018-03-25 14:56:57,22.42,35.68,1.0,0.0,0.0,1.0,0.0,4.2450484740813135
2018-03-25 14:57:03,19.57,34.09,1.0,0.0,0.0,1.0,0.0,4.757517534866131
2018-03-25 14:57:18,14.87,35.09,1.0,0.0,0.0,1.0,0.0,4.234577477846446
2018-03-25 14:57:30,18.74,32.36,1.0,0.0,0.0,1.0,0.0,4.28771536809394
2018-03-25 14:57:49,16.4,35.51,1.0,0.0,0.0,1.0,0.0,4.272419203392408
2018-03-25 14:58:01,17.0,33.2,1.0,0.0,0.0,1.0,0.0,4.280276318797686
2018-03-25 14:58:25,21.09,33.53,1.0,0.0,0.0,1.0,0.0,4.515894498758286
2018-03-25 14:58:31,20.91,33.54,1.0,0.0,0.0,1.0,0.0,4.515894498758286
2018-03-25 14:58:54,23.8,31.12,1.0,0.0,0.0,1.0,0.0,4.514545400048423
2018-03-25 14:59:13,23.48,31.04,1.0,0.0,0.0,1.0,0.0,4.514545400048423
2018-03-25 14:59:22,21.4,33.63,1.0,0.0,0.0,1.0,0.0,4.501225692337307
2018-03-25 14:59:35,19.09,32.17,1.0,0.0,0.0,1.0,0.0,4.28771536809394
2018-03-25 14:59:56,18.84,32.75,1.0,0.0,0.0,1.0,0.0,4.280276318797686
2018-03-25 15:00:02,26.49,34.35,1.0,0.0,0.0,1.0,0.0,4.398030645096759
2018-03-25 15:00:21,16.62,37.86,1.0,0.0,0.0,1.0,0.0,4.28771536809394
2018-03-25 15:00:36,21.83,35.94,1.0,0.0,0.0,1.0,0.0,4.368877020026321
2018-03-25 15:00:46,21.27,33.81,1.0,0.0,0.0,1.0,0.0,4.3417195705193965
2018-03-25 15:01:06,22.57,35.12,1.0,0.0,0.0,1.0,0.0,4.218299055485638
2018-03-25 15:01:16,24.39,30.86,1.0,0.0,0.0,1.0,0.0,4.327281510496383
2018-03-25 15:01:35,24.15,30.87,1.0,0.0,0.0,1.0,0.0,4.327281510496383
2018-03-25 15:01:54,24.2,30.87,1.0,0.0,0.0,1.0,0.0,4.321257366869471
2018-03-25 15:02:13,24.17,30.91,1.0,0.0,0.0,1.0,0.0,4.321257366869471
2018-03-25 15:02:17,25.99,34.96,1.0,0.0,0.0,1.0,0.0,4.237230415362074
2018-03-25 15:02:31,20.94,36.38,1.0,0.0,0.0,1.0,0.0,4.323055578797328
2018-03-25 15:02:48,21.34,33.99,1.0,0.0,0.0,1.0,0.0,4.222420404724739
2018-03-25 15:03:09,24.33,36.6,1.0,0.0,0.0,1.0,0.0,4.162602788268839
2018-03-25 15:03:21,21.26,34.02,1.0,0.0,0.0,1.0,0.0,4.167521843367313
2018-03-25 15:03:33,21.4,34.02,1.0,0.0,0.0,1.0,0.0,4.167521843367313
2018-03-25 15:03:46,21.39,34.04,1.0,0.0,0.0,1.0,0.0,4.122435484088159
2018-03-25 15:04:06,22.96,36.81,1.0,0.0,0.0,1.0,0.0,4.139151360905146
2018-03-25 15:04:18,21.94,34.11,1.0,0.0,0.0,1.0,0.0,4.11473134404342
2018-03-25 15:04:31,15.41,35.8,1.0,0.0,0.0,1.0,0.0,4.261334326782635
2018-03-25 15:04:54,25.07,30.87,1.0,0.0,0.0,1.0,0.0,4.260929219695817
2018-03-25 15:05:09,18.57,36.89,1.0,0.0,0.0,1.0,0.0,4.2749018623136585
2018-03-25 15:05:29,16.31,34.01,1.0,0.0,0.0,1.0,0.0,4.238985006941715
2018-03-25 15:05:32,22.35,30.7,1.0,0.0,0.0,1.0,0.0,4.2503792254924795
2018-03-25 15:05:58,19.6,30.76,1.0,0.0,0.0,1.0,0.0,4.2503792254924795
2018-03-25 15:06:14,13.43,36.49,1.0,0.0,0.0,1.0,0.0,4.257747224144368
2018-03-25 15:06:23,19.87,30.57,1.0,0.0,0.0,1.0,0.0,4.275754276837751
2018-03-25 15:06:33,15.33,34.77,1.0,0.0,0.0,1.0,0.0,4.28771536809394
2018-03-25 15:06:58,16.44,34.65,1.0,0.0,0.0,1.0,0.0,4.28771536809394
2018-03-25 15:07:11,15.66,35.94,1.0,0.0,0.0,1.0,0.0,4.28771536809394
2018-03-25 15:07:24,15.81,35.98,1.0,0.0,0.0,1.0,0.0,4.28771536809394
2018-03-25 15:07:31,15.72,35.96,1.0,0.0,0.0,1.0,0.0,4.28771536809394
2018-03-25 15:07:50,17.27,34.4,1.0,0.0,0.0,1.0,0.0,4.28771536809394
2018-03-25 15:08:09,18.07,34.29,1.0,0.0,0.0,1.0,0.0,4.28771536809394
2018-03-25 15:08:22,17.64,34.25,1.0,0.0,0.0,1.0,0.0,4.28771536809394
2018-03-25 15:08:35,17.72,34.19,1.0,0.0,0.0,1.0,0.0,4.28771536809394
2018-03-25 15:08:53,17.83,34.1,1.0,0.0,0.0,1.0,0.0,4.28771536809394
2018-03-25 15:09:13,17.88,34.03,1.0,0.0,0.0,1.0,0.0,4.28771536809394
2019-03-23 08:49:00,30.13,23.92,0.0,0.0,1.0,0.0,1.0,4.265788710189831
2019-03-23 08:50:00,38.23,23.05,0.0,0.0,1.0,0.0,1.0,4.265788710189831
2019-03-23 08:51:00,29.19,25.32,0.0,0.0,1.0,0.0,1.0,4.2060436499403355
2019-03-23 08:52:00,28.6,25.82,0.0,0.0,1.0,0.0,1.0,4.2060436499403355
2019-03-23 08:53:00,27.88,26.32,0.0,0.0,1.0,0.0,1.0,4.2060436499403355
2019-03-23 08:54:00,27.16,26.71,0.0,0.0,1.0,0.0,1.0,4.2060436499403355
2019-03-23 08:55:00,26.39,27.08,0.0,0.0,1.0,0.0,1.0,4.2060436499403355
2019-03-23 08:56:00,29.58,26.84,0.0,0.0,1.0,0.0,1.0,4.265788710189831
2019-03-23 08:57:00,28.06,26.99,0.0,0.0,1.0,0.0,1.0,4.200897501686797
2019-03-23 08:58:00,27.99,27.38,0.0,0.0,1.0,0.0,1.0,4.265788710189831
2019-03-23 08:59:00,25.05,28.44,0.0,0.0,1.0,0.0,1.0,4.265788710189831
2019-03-23 09:00:00,24.69,28.51,0.0,0.0,1.0,0.0,1.0,4.2060436499403355
2019-03-23 09:01:00,26.12,28.17,0.0,0.0,1.0,0.0,1.0,4.299311014378476
2019-03-23 09:02:00,23.88,29.2,0.0,0.0,1.0,0.0,1.0,4.265788710189831
2019-03-23 09:03:00,24.21,29.4,0.0,0.0,1.0,0.0,1.0,4.299311014378476
2019-03-23 09:04:00,25.6,29.25,0.0,0.0,1.0,0.0,1.0,4.299311014378476
2019-03-23 09:05:00,24.45,29.36,0.0,0.0,1.0,0.0,1.0,4.299311014378476
2019-03-23 09:06:00,24.54,29.58,0.0,0.0,1.0,0.0,1.0,4.299311014378476
2019-03-23 09:07:00,24.58,29.8,0.0,0.0,1.0,0.0,1.0,4.299311014378476
2019-03-23 09:08:00,24.24,30.03,0.0,0.0,1.0,0.0,1.0,4.299311014378476
2019-03-23 09:09:00,23.19,30.21,0.0,0.0,1.0,0.0,1.0,4.299311014378476
2019-03-23 09:10:00,22.38,30.58,0.0,0.0,1.0,0.0,1.0,4.299311014378476
2019-03-23 09:11:00,21.81,30.69,0.0,0.0,1.0,0.0,1.0,4.299311014378476
2019-03-23 09:12:00,22.49,30.8,0.0,0.0,1.0,0.0,1.0,4.299311014378476
2019-03-23 09:13:00,22.07,30.93,0.0,0.0,1.0,0.0,1.0,4.299311014378476
2019-03-23 09:14:00,26.39,26.91,0.0,0.0,1.0,0.0,1.0,4.299311014378476
2019-03-23 09:15:00,25.35,27.18,0.0,0.0,1.0,0.0,1.0,4.299311014378476
2019-03-23 09:16:00,22.18,31.34,0.0,0.0,1.0,0.0,1.0,4.299311014378476
2019-03-23 09:17:00,24.9,27.67,0.0,0.0,1.0,0.0,1.0,4.299311014378476
2019-03-23 09:18:00,21.17,31.34,0.0,0.0,1.0,0.0,1.0,4.299311014378476
2019-03-23 09:19:00,21.57,31.42,0.0,0.0,1.0,0.0,1.0,4.299311014378476
2019-03-23 09:20:00,20.67,31.93,0.0,0.0,1.0,0.0,1.0,4.299311014378476
2019-03-23 09:21:00,20.87,31.86,0.0,0.0,1.0,0.0,1.0,4.299311014378476
2019-03-23 09:22:00,20.61,32.0,0.0,0.0,1.0,0.0,1.0,4.299311014378476
2019-03-23 09:23:00,20.95,32.06,0.0,0.0,1.0,0.0,1.0,4.299311014378476
2019-03-23 09:24:00,20.42,31.98,0.0,0.0,1.0,0.0,1.0,4.299311014378476
2019-03-23 10:35:00,28.74,28.09,0.0,0.0,1.0,1.0,0.0,4.265788710189831
2019-03-23 10:36:00,28.84,28.24,0.0,0.0,1.0,1.0,0.0,4.265788710189831
2019-03-23 10:37:00,28.22,28.7,0.0,0.0,1.0,1.0,0.0,4.265788710189831
2019-03-23 10:38:00,31.83,26.85,0.0,0.0,1.0,1.0,0.0,4.265788710189831
2019-03-23 10:39:00,25.82,28.28,0.0,0.0,1.0,1.0,0.0,4.299311014378476
2019-03-23 10:40:00,29.01,28.08,0.0,0.0,1.0,1.0,0.0,4.265788710189831
2019-03-23 10:41:00,27.41,27.85,0.0,0.0,1.0,1.0,0.0,4.193948519930213
2019-03-23 10:42:00,26.14,28.73,0.0,0.0,1.0,1.0,0.0,4.299311014378476
2019-03-23 10:43:00,30.04,29.15,0.0,0.0,1.0,1.0,0.0,4.299311014378476
2019-03-23 10:44:00,25.88,28.98,0.0,0.0,1.0,1.0,0.0,4.299311014378476
2019-03-23 10:45:00,26.05,29.25,0.0,0.0,1.0,1.0,0.0,4.299311014378476
2019-03-23 10:46:00,28.54,30.89,0.0,0.0,1.0,1.0,0.0,4.299311014378476
2019-03-23 10:47:00,27.22,31.02,0.0,0.0,1.0,1.0,0.0,4.299311014378476
2019-03-23 10:48:00,27.15,30.71,0.0,0.0,1.0,1.0,0.0,4.299311014378476
2019-03-23 10:49:00,26.77,31.41,0.0,0.0,1.0,1.0,0.0,4.299311014378476
2019-03-23 10:50:00,22.06,30.92,0.0,0.0,1.0,1.0,0.0,4.299311014378476
2019-03-23 10:51:00,21.16,30.93,0.0,0.0,1.0,1.0,0.0,4.299311014378476
2019-03-23 10:52:00,25.41,32.61,0.0,0.0,1.0,1.0,0.0,4.299311014378476
2019-03-23 10:53:00,19.24,30.42,0.0,0.0,1.0,1.0,0.0,4.299311014378476
2019-03-23 10:55:00,20.91,30.78,0.0,0.0,1.0,1.0,0.0,4.299311014378476
2019-03-23 10:56:00,23.29,33.61,0.0,0.0,1.0,1.0,0.0,4.299311014378476
2019-03-23 10:57:00,19.37,30.91,0.0,0.0,1.0,1.0,0.0,4.193948519930213
2019-03-23 10:58:00,20.19,31.31,0.0,0.0,1.0,1.0,0.0,4.299311014378476
2019-03-23 10:59:00,19.84,30.81,0.0,0.0,1.0,1.0,0.0,4.2539298328151816
2019-03-23 11:00:00,19.72,33.49,0.0,0.0,1.0,1.0,0.0,4.299311014378476
2019-03-23 11:01:00,19.15,33.16,0.0,0.0,1.0,1.0,0.0,4.299311014378476
2019-03-23 11:02:00,19.32,32.99,0.0,0.0,1.0,1.0,0.0,4.265788710189831
2019-03-23 11:03:00,21.79,32.48,0.0,0.0,1.0,1.0,0.0,4.299311014378476
2019-03-23 11:04:00,15.43,31.59,0.0,0.0,1.0,1.0,0.0,4.273432535855599
2019-03-23 11:05:00,16.92,30.33,0.0,0.0,1.0,1.0,0.0,4.236347419381962
2019-03-23 11:06:00,17.17,28.28,0.0,0.0,1.0,1.0,0.0,4.28957572530282
2019-03-23 11:07:00,18.99,26.97,0.0,0.0,1.0,1.0,0.0,4.245515004059289
2019-03-23 11:08:00,18.0,28.36,0.0,0.0,1.0,1.0,0.0,4.246519110787602
2019-03-23 11:09:00,23.08,23.6,0.0,0.0,1.0,1.0,0.0,4.248638801248515
2019-03-23 11:10:00,17.28,28.1,0.0,0.0,1.0,1.0,0.0,4.282118829333696
2019-03-23 11:11:00,22.31,23.45,0.0,0.0,1.0,1.0,0.0,4.312264729031034
2019-03-23 11:12:00,27.1,19.98,0.0,0.0,1.0,1.0,0.0,4.342389909712477
2019-03-23 11:13:00,27.92,19.57,0.0,0.0,1.0,1.0,0.0,4.354973377127133
2019-03-23 11:14:00,20.18,25.35,0.0,0.0,1.0,1.0,0.0,4.365768407631548
2019-03-23 11:15:00,25.37,20.6,0.0,0.0,1.0,1.0,0.0,4.371545988156471
2019-03-23 11:16:00,20.51,24.36,0.0,0.0,1.0,1.0,0.0,4.382102589075289
2019-03-23 11:17:00,26.76,19.88,0.0,0.0,1.0,1.0,0.0,4.389444777178927
2019-03-23 11:18:00,30.27,18.56,0.0,0.0,1.0,1.0,0.0,4.366712963996685
2019-03-23 11:19:00,24.87,20.86,0.0,0.0,1.0,1.0,0.0,4.357667590703572
2019-03-23 11:20:00,25.11,21.54,0.0,0.0,1.0,1.0,0.0,4.381908414834695
2019-03-23 11:21:00,28.17,19.68,0.0,0.0,1.0,1.0,0.0,4.408856369186366
2019-03-23 11:22:00,27.55,19.47,0.0,0.0,1.0,1.0,0.0,4.409066442447116
2019-03-23 11:23:00,28.22,18.86,0.0,0.0,1.0,1.0,0.0,4.410098302504938
2019-03-23 11:24:00,28.35,18.62,0.0,0.0,1.0,1.0,0.0,4.424562608976522
2019-03-23 11:25:00,28.33,18.28,0.0,0.0,1.0,1.0,0.0,4.432765489204429
2019-03-23 11:26:00,22.61,22.58,0.0,0.0,1.0,1.0,0.0,4.43871512269245
2019-03-23 11:27:00,28.58,18.67,0.0,0.0,1.0,1.0,0.0,4.360037311882195
2019-03-23 11:28:00,30.04,18.18,0.0,0.0,1.0,1.0,0.0,4.42134015687121
2019-03-23 11:29:00,30.09,17.94,0.0,0.0,1.0,1.0,0.0,4.415979592611327
2019-03-23 11:30:00,27.42,19.15,0.0,0.0,1.0,1.0,0.0,4.396505678058377
2019-03-23 11:31:00,26.65,19.87,0.0,0.0,1.0,1.0,0.0,4.397158587731994
2019-03-23 11:32:00,26.71,19.82,0.0,0.0,1.0,1.0,0.0,4.428993432797226
2019-03-23 11:33:00,26.57,20.14,0.0,0.0,1.0,1.0,0.0,4.42884126493818
2019-03-23 11:34:00,26.18,19.76,0.0,0.0,1.0,1.0,0.0,4.430087714970635
2019-03-23 11:35:00,28.77,17.89,0.0,0.0,1.0,1.0,0.0,4.483615894641238
2019-03-23 11:36:00,27.43,19.38,0.0,0.0,1.0,1.0,0.0,4.458559936111469
2019-03-23 11:37:00,27.97,18.0,0.0,0.0,1.0,1.0,0.0,4.634244592068854
2019-03-23 11:38:00,30.04,17.73,0.0,0.0,1.0,1.0,0.0,4.663750949771535
2019-03-23 11:39:00,27.24,19.37,0.0,0.0,1.0,1.0,0.0,4.684868441565251
2019-03-23 11:40:00,24.6,22.93,0.0,0.0,1.0,1.0,0.0,4.701300483787017
2019-03-23 11:41:00,28.93,17.79,0.0,0.0,1.0,1.0,0.0,4.844656218962263
2019-03-23 11:42:00,29.14,18.43,0.0,0.0,1.0,1.0,0.0,4.738570546206996
2019-03-23 11:43:00,27.6,19.48,0.0,0.0,1.0,1.0,0.0,4.798613865153992
2019-03-23 11:44:00,27.31,19.39,0.0,0.0,1.0,1.0,0.0,4.833146269879601
2019-03-23 11:45:00,29.26,18.2,0.0,0.0,1.0,1.0,0.0,4.955587260852347
2019-03-23 11:46:00,31.47,19.13,0.0,0.0,1.0,1.0,0.0,4.980682892020249
2019-03-23 11:47:00,27.69,19.48,0.0,0.0,1.0,1.0,0.0,4.983848908715276
2019-03-23 11:48:00,29.71,18.56,0.0,0.0,1.0,1.0,0.0,5.067351170414952
2019-03-23 11:49:00,32.4,20.22,0.0,0.0,1.0,1.0,0.0,4.980863115012409
2019-03-23 11:50:00,27.77,19.31,0.0,0.0,1.0,1.0,0.0,5.144409476487237
2019-03-23 11:51:00,32.19,17.02,0.0,0.0,1.0,1.0,0.0,5.2882360802636645
2019-03-23 11:52:00,31.3,19.41,0.0,0.0,1.0,1.0,0.0,5.172207176664118
2019-03-23 11:53:00,29.08,18.95,0.0,0.0,1.0,1.0,0.0,5.259799874972911
2019-03-23 11:54:00,27.38,23.58,0.0,0.0,1.0,1.0,0.0,4.980682892020249
2019-03-23 11:55:00,29.29,23.87,0.0,0.0,1.0,1.0,0.0,4.980678033594213
2019-03-23 11:56:00,31.38,17.49,0.0,0.0,1.0,1.0,0.0,5.469006401269773
2019-03-23 11:57:00,31.67,17.75,0.0,0.0,1.0,1.0,0.0,5.388075145351599
2019-03-23 11:58:00,31.6,17.89,0.0,0.0,1.0,1.0,0.0,5.432234713850049
2019-03-23 11:59:00,32.16,18.03,0.0,0.0,1.0,1.0,0.0,5.6766807136247674
2019-03-23 12:00:00,30.63,18.4,1.0,0.0,0.0,1.0,0.0,5.4216448143783
2019-03-23 12:01:00,33.09,17.25,1.0,0.0,0.0,1.0,0.0,5.555341109225332
2019-03-23 12:02:00,30.53,18.07,1.0,0.0,0.0,1.0,0.0,5.660635307390212
2019-03-23 12:03:00,29.4,18.01,1.0,0.0,0.0,1.0,0.0,5.632159735064009
2019-03-23 12:04:00,27.73,19.05,1.0,0.0,0.0,1.0,0.0,6.022584558849895
2019-03-23 12:05:00,28.06,18.96,1.0,0.0,0.0,1.0,0.0,6.239870388613381
2019-03-23 12:06:00,26.94,20.38,1.0,0.0,0.0,1.0,0.0,5.67959982285714
2019-03-23 12:07:00,31.91,17.71,1.0,0.0,0.0,1.0,0.0,6.119821152509626
2019-03-23 12:08:00,34.93,15.94,1.0,0.0,0.0,1.0,0.0,6.115876828180204
2019-03-23 12:09:00,22.75,29.62,1.0,0.0,0.0,1.0,0.0,4.980678033594213
2019-03-23 12:10:00,34.13,16.38,1.0,0.0,0.0,1.0,0.0,5.957112389491585
2019-03-23 12:11:00,34.24,18.39,1.0,0.0,0.0,1.0,0.0,5.816745620286123
2019-03-23 12:12:00,34.49,17.02,1.0,0.0,0.0,1.0,0.0,6.085062074627943
2019-03-23 12:13:00,21.03,30.65,1.0,0.0,0.0,1.0,0.0,4.980682892020249
2019-03-23 12:14:00,30.28,18.53,1.0,0.0,0.0,1.0,0.0,5.106907871071797
2019-03-23 12:15:00,31.53,17.77,1.0,0.0,0.0,1.0,0.0,5.957112389491585
2019-03-23 12:16:00,25.25,20.37,1.0,0.0,0.0,1.0,0.0,5.106907871071797
2019-03-23 12:17:00,15.64,29.45,1.0,0.0,0.0,1.0,0.0,5.030227438766142
2019-03-23 12:18:00,28.97,21.62,1.0,0.0,0.0,1.0,0.0,5.957112389491585
2019-03-23 12:19:00,30.87,17.41,1.0,0.0,0.0,1.0,0.0,5.912983494166272
2019-03-23 12:20:00,15.63,31.28,1.0,0.0,0.0,1.0,0.0,5.17182816517049
2019-03-23 12:21:00,22.18,23.81,1.0,0.0,0.0,1.0,0.0,5.167680577703663
2019-03-23 12:22:00,24.53,27.61,1.0,0.0,0.0,1.0,0.0,5.18563540946091
2019-03-23 12:23:00,22.65,22.14,1.0,0.0,0.0,1.0,0.0,5.298157447850889
2019-03-23 12:24:00,31.18,18.3,1.0,0.0,0.0,1.0,0.0,5.875990598126534
2019-03-23 12:25:00,30.54,17.69,1.0,0.0,0.0,1.0,0.0,6.085062074627943
2019-03-23 12:26:00,31.84,17.46,1.0,0.0,0.0,1.0,0.0,6.421856000878265
2019-03-23 12:27:00,27.15,20.57,1.0,0.0,0.0,1.0,0.0,5.321097617496404
2019-03-23 12:28:00,29.85,18.48,1.0,0.0,0.0,1.0,0.0,6.364796647277086
2019-03-23 12:29:00,24.13,24.51,1.0,0.0,0.0,1.0,0.0,5.522276788009226
2019-03-23 12:30:00,29.7,18.69,1.0,0.0,0.0,1.0,0.0,6.444104625983609
2019-03-23 12:31:00,28.31,19.51,1.0,0.0,0.0,1.0,0.0,5.51434583486799
2019-03-23 12:32:00,28.36,20.37,1.0,0.0,0.0,1.0,0.0,6.265803867753163
2019-03-23 12:33:00,22.39,24.23,1.0,0.0,0.0,1.0,0.0,5.641074844814598
2019-03-23 12:34:00,32.27,17.51,1.0,0.0,0.0,1.0,0.0,6.273945002162824
2019-03-23 12:35:00,27.39,19.75,1.0,0.0,0.0,1.0,0.0,5.682421057813302
2019-03-23 12:36:00,20.06,25.36,1.0,0.0,0.0,1.0,0.0,5.618051879380108
2019-03-23 12:37:00,30.89,19.21,1.0,0.0,0.0,1.0,0.0,5.744041633852727
2019-03-23 12:38:00,32.8,17.97,1.0,0.0,0.0,1.0,0.0,6.6040721084834715
2019-03-23 12:39:00,21.26,25.18,1.0,0.0,0.0,1.0,0.0,6.645672953598572
2019-03-23 12:40:00,22.77,23.2,1.0,0.0,0.0,1.0,0.0,11.939164044189091
2019-03-23 12:41:00,34.0,19.52,1.0,0.0,0.0,1.0,0.0,6.580792045255045
2019-03-23 12:42:00,34.09,20.22,1.0,0.0,0.0,1.0,0.0,6.580792045255045
2019-03-23 12:43:00,36.6,15.84,1.0,0.0,0.0,1.0,0.0,6.512067601295515
2019-03-23 12:44:00,34.35,17.67,1.0,0.0,0.0,1.0,0.0,5.957112389491585
2019-03-23 12:45:00,28.67,19.61,1.0,0.0,0.0,1.0,0.0,6.528439347722888
2019-03-23 12:46:00,22.64,29.93,1.0,0.0,0.0,1.0,0.0,5.187922193791792
2019-03-23 12:47:00,29.74,19.27,1.0,0.0,0.0,1.0,0.0,6.234754244983153
2019-03-23 12:48:00,33.9,16.51,1.0,0.0,0.0,1.0,0.0,6.623659789626758
2019-03-23 12:49:00,24.51,23.68,1.0,0.0,0.0,1.0,0.0,5.137717407171312
2019-03-23 12:50:00,33.62,24.39,1.0,0.0,0.0,1.0,0.0,6.586814313974774
2019-03-23 12:51:00,32.5,17.73,1.0,0.0,0.0,1.0,0.0,6.275066589839928
2019-03-23 12:52:00,34.12,17.3,1.0,0.0,0.0,1.0,0.0,6.340083958370855
2019-03-23 12:53:00,36.5,19.26,1.0,0.0,0.0,1.0,0.0,6.611626452506151
2019-03-23 12:54:00,24.78,21.95,1.0,0.0,0.0,1.0,0.0,6.627926866321747
2019-03-23 12:55:00,35.29,20.73,1.0,0.0,0.0,1.0,0.0,6.600327486369048
2019-03-23 12:56:00,24.8,23.49,1.0,0.0,0.0,1.0,0.0,5.3028418136341395
2019-03-23 12:57:00,23.62,26.24,1.0,0.0,0.0,1.0,0.0,6.5845491392063
2019-03-23 12:58:00,29.63,19.77,1.0,0.0,0.0,1.0,0.0,6.175269181672418
2019-03-23 12:59:00,34.4,23.26,1.0,0.0,0.0,1.0,0.0,6.57371327031268
2019-03-23 13:00:00,24.0,30.48,1.0,0.0,0.0,1.0,0.0,6.580792045255045
2019-03-23 13:01:00,24.12,23.69,1.0,0.0,0.0,1.0,0.0,5.301139303133768
2019-03-23 13:02:00,24.45,21.41,1.0,0.0,0.0,1.0,0.0,6.305107843105346
2019-03-23 13:03:00,29.14,20.83,1.0,0.0,0.0,1.0,0.0,6.737339128015257
2019-03-23 13:04:00,30.0,19.73,1.0,0.0,0.0,1.0,0.0,6.339065983773541
2019-03-23 13:05:00,21.84,27.75,1.0,0.0,0.0,1.0,0.0,6.581777941760232
2019-03-23 13:06:00,23.74,22.52,1.0,0.0,0.0,1.0,0.0,5.324382023827578
2019-03-23 13:07:00,28.12,27.18,1.0,0.0,0.0,1.0,0.0,6.585828455482282
2019-03-23 13:08:00,27.1,27.54,1.0,0.0,0.0,1.0,0.0,6.585828455482282
2019-03-23 13:09:00,31.43,17.62,1.0,0.0,0.0,1.0,0.0,6.631246121951052
2019-03-23 13:10:00,22.1,23.55,1.0,0.0,0.0,1.0,0.0,5.4997848617308955
2019-03-23 13:11:00,23.92,28.69,1.0,0.0,0.0,1.0,0.0,6.5857871567096105
2019-03-23 13:12:00,26.19,19.73,1.0,0.0,0.0,1.0,0.0,6.515530473470199
2019-03-23 13:13:00,23.14,22.44,1.0,0.0,0.0,1.0,0.0,5.6431955569404995
2019-03-23 13:14:00,22.11,30.84,1.0,0.0,0.0,1.0,0.0,6.584995129506606
2019-03-23 13:15:00,22.74,32.65,1.0,0.0,0.0,1.0,0.0,6.580792045255045
2019-03-23 13:16:00,22.91,32.5,1.0,0.0,0.0,1.0,0.0,6.580792045255045
2019-03-23 13:17:00,26.98,19.04,1.0,0.0,0.0,1.0,0.0,6.847706471463974
2019-03-23 13:18:00,24.22,21.12,1.0,0.0,0.0,1.0,0.0,5.916198624147117
2019-03-23 13:19:00,19.9,31.29,1.0,0.0,0.0,1.0,0.0,6.611950706169645
2019-03-23 13:20:00,26.84,19.25,1.0,0.0,0.0,1.0,0.0,6.667479185033612
2019-03-23 13:21:00,28.33,19.06,1.0,0.0,0.0,1.0,0.0,6.9716074055777595
2019-03-23 13:22:00,26.49,19.66,1.0,0.0,0.0,1.0,0.0,7.024942352685104
2019-03-23 13:23:00,16.17,28.23,1.0,0.0,0.0,1.0,0.0,6.586814313974774
2019-03-23 13:24:00,19.66,31.94,1.0,0.0,0.0,1.0,0.0,6.520572793990075
2019-03-23 13:25:00,25.94,20.31,1.0,0.0,0.0,1.0,0.0,7.214453772898274
2019-03-23 13:26:00,25.96,20.18,1.0,0.0,0.0,1.0,0.0,7.208214121968577
2019-03-23 13:27:00,28.46,19.8,1.0,0.0,0.0,1.0,0.0,6.601544065809556
2019-03-23 13:28:00,26.75,20.19,1.0,0.0,0.0,1.0,0.0,7.254971133476829
2019-03-23 13:29:00,21.32,32.51,1.0,0.0,0.0,1.0,0.0,6.577645889457678
2019-03-23 13:30:00,25.89,20.78,1.0,0.0,0.0,1.0,0.0,7.250566069218883
2019-03-23 13:31:00,26.2,20.27,1.0,0.0,0.0,1.0,0.0,6.562296603917224
2019-03-23 13:32:00,17.07,32.38,1.0,0.0,0.0,1.0,0.0,6.549755762848426
2019-03-23 13:33:00,19.71,29.69,1.0,0.0,0.0,1.0,0.0,6.672032931867044
2019-03-23 13:34:00,23.76,21.6,1.0,0.0,0.0,1.0,0.0,7.178374723121721
2019-03-23 13:35:00,25.67,19.28,1.0,0.0,0.0,1.0,0.0,6.547783120024004
2019-03-23 13:36:00,26.3,19.35,1.0,0.0,0.0,1.0,0.0,6.558004866856272
2019-03-23 13:37:00,26.29,20.33,1.0,0.0,0.0,1.0,0.0,6.483851259710992
2019-03-23 13:38:00,25.8,19.26,1.0,0.0,0.0,1.0,0.0,6.547783120024004
2019-03-23 13:39:00,26.56,19.35,1.0,0.0,0.0,1.0,0.0,6.4694963750318655
2019-03-23 13:40:00,23.11,22.13,1.0,0.0,0.0,1.0,0.0,6.238146694120495
2019-03-23 13:41:00,18.94,24.25,1.0,0.0,0.0,1.0,0.0,6.570131914647755
2019-03-23 13:42:00,28.27,19.09,1.0,0.0,0.0,1.0,0.0,6.699721375520961
2019-03-23 13:43:00,23.93,21.25,1.0,0.0,0.0,1.0,0.0,7.564563887743699
2019-03-23 13:44:00,26.85,18.51,1.0,0.0,0.0,1.0,0.0,6.862108430123212
2019-03-23 13:45:00,25.2,21.31,1.0,0.0,0.0,1.0,0.0,6.522135057467442
2019-03-23 13:46:00,26.3,20.73,1.0,0.0,0.0,1.0,0.0,6.598964363565482
2019-03-23 13:47:00,21.16,24.18,1.0,0.0,0.0,1.0,0.0,6.601068388319143
2019-03-23 13:48:00,24.67,20.82,1.0,0.0,0.0,1.0,0.0,7.736493568663539
2019-03-23 13:49:00,26.4,19.78,1.0,0.0,0.0,1.0,0.0,7.806273822420807
2019-03-23 13:50:00,26.75,18.58,1.0,0.0,0.0,1.0,0.0,7.172474617171413
2019-03-23 13:51:00,19.59,24.51,1.0,0.0,0.0,1.0,0.0,6.515900345312368
2019-03-23 13:52:00,26.67,18.85,1.0,0.0,0.0,1.0,0.0,7.23426469486806
2019-03-23 13:53:00,26.04,19.09,1.0,0.0,0.0,1.0,0.0,7.267638056809976
2019-03-23 13:54:00,19.41,24.1,1.0,0.0,0.0,1.0,0.0,6.556660233093254
2019-03-23 13:55:00,27.5,22.31,1.0,0.0,0.0,1.0,0.0,7.935875662027809
2019-03-23 13:56:00,24.01,20.42,1.0,0.0,0.0,1.0,0.0,7.966068910908034
2019-03-23 13:57:00,26.34,19.26,1.0,0.0,0.0,1.0,0.0,7.418161319305019
2019-03-23 13:58:00,22.52,21.79,1.0,0.0,0.0,1.0,0.0,6.5866605783512435
2019-03-23 13:59:00,22.8,21.67,1.0,0.0,0.0,1.0,0.0,6.587440998827098
2019-03-23 14:00:00,26.08,21.32,1.0,0.0,0.0,1.0,0.0,6.548014800128586
2019-03-23 14:01:00,26.7,19.47,1.0,0.0,0.0,1.0,0.0,8.196716639724427
2019-03-23 14:02:00,27.99,18.32,1.0,0.0,0.0,1.0,0.0,8.242123285403244
2019-03-23 14:03:00,21.96,24.6,1.0,0.0,0.0,1.0,0.0,6.548014800128586
2019-03-23 14:04:00,25.83,21.45,1.0,0.0,0.0,1.0,0.0,6.547680188960149
2019-03-23 14:05:00,26.12,21.45,1.0,0.0,0.0,1.0,0.0,6.528191522173108
2019-03-23 14:06:00,37.24,15.61,1.0,0.0,0.0,1.0,0.0,7.857861843443792
2019-03-23 14:07:00,36.49,15.99,1.0,0.0,0.0,1.0,0.0,7.863062661088587
2019-03-23 14:08:00,26.6,19.08,1.0,0.0,0.0,1.0,0.0,8.432085220268455
2019-03-23 14:09:00,27.07,19.85,1.0,0.0,0.0,1.0,0.0,8.432184446031615
2019-03-23 14:10:00,28.91,19.08,1.0,0.0,0.0,1.0,0.0,8.429446253321004
2019-03-23 14:11:00,28.76,18.77,1.0,0.0,0.0,1.0,0.0,8.407693328747438
2019-03-23 14:12:00,38.25,15.88,1.0,0.0,0.0,1.0,0.0,8.030549741268421
2019-03-23 14:13:00,31.12,17.0,1.0,0.0,0.0,1.0,0.0,6.958408120759505
2019-03-23 14:14:00,26.33,19.8,1.0,0.0,0.0,1.0,0.0,6.991855046345037
2019-03-23 14:15:00,26.59,19.91,1.0,0.0,0.0,1.0,0.0,7.060511552870598
2019-03-23 14:16:00,27.4,18.49,1.0,0.0,0.0,1.0,0.0,8.359408554907501
2019-03-23 14:17:00,30.44,17.59,1.0,0.0,0.0,1.0,0.0,7.086456472131177
2019-03-23 14:18:00,22.81,21.22,1.0,0.0,0.0,1.0,0.0,7.032327052781316
2019-03-23 14:19:00,29.36,17.84,1.0,0.0,0.0,1.0,0.0,7.161704435761759
2019-03-23 14:20:00,28.33,18.25,1.0,0.0,0.0,1.0,0.0,7.08735055158746
2019-03-23 14:21:00,28.85,18.81,1.0,0.0,0.0,1.0,0.0,7.093510486973756
2019-03-23 14:22:00,27.53,19.67,1.0,0.0,0.0,1.0,0.0,8.127503230755902
2019-03-23 14:23:00,29.72,18.7,1.0,0.0,0.0,1.0,0.0,7.161859624989943
2019-03-23 14:24:00,26.67,19.35,1.0,0.0,0.0,1.0,0.0,8.256506007587658
2019-03-23 14:25:00,27.41,19.18,1.0,0.0,0.0,1.0,0.0,7.236708513957573
2019-03-23 14:26:00,25.18,20.22,1.0,0.0,0.0,1.0,0.0,8.266176075488461
2019-03-23 14:27:00,23.43,20.87,1.0,0.0,0.0,1.0,0.0,8.396010393312713
2019-03-23 14:28:00,27.84,19.71,1.0,0.0,0.0,1.0,0.0,7.403318657009694
2019-03-23 14:29:00,28.21,18.43,1.0,0.0,0.0,1.0,0.0,7.327224006904889
2019-03-23 14:30:00,25.11,18.4,1.0,0.0,0.0,1.0,0.0,8.570001199102187
2019-03-23 14:31:00,25.14,19.24,1.0,0.0,0.0,1.0,0.0,8.346598423248315
2019-03-23 14:32:00,26.3,18.38,1.0,0.0,0.0,1.0,0.0,8.359665273480006
2019-03-23 14:33:00,25.04,18.81,1.0,0.0,0.0,1.0,0.0,8.703549311759788
2019-03-23 14:34:00,26.46,17.9,1.0,0.0,0.0,1.0,0.0,8.705223425573276
2019-03-23 14:35:00,28.79,16.44,1.0,0.0,0.0,1.0,0.0,8.716680020347992
2019-03-23 14:36:00,27.03,17.62,1.0,0.0,0.0,1.0,0.0,7.745237457720672
2019-03-23 14:37:00,28.14,17.31,1.0,0.0,0.0,1.0,0.0,8.75645951426892
2019-03-23 14:38:00,27.34,18.61,1.0,0.0,0.0,1.0,0.0,8.478886285175872
2019-03-23 14:39:00,34.58,17.41,1.0,0.0,0.0,1.0,0.0,8.143655798319793
2019-03-23 14:40:00,26.28,18.88,1.0,0.0,0.0,1.0,0.0,7.832535131591042
2019-03-23 14:41:00,38.19,15.84,1.0,0.0,0.0,1.0,0.0,8.146863768992695
2019-03-23 14:42:00,27.11,18.55,1.0,0.0,0.0,1.0,0.0,8.619881611247086
2019-03-23 14:43:00,33.08,17.13,1.0,0.0,0.0,1.0,0.0,8.366172191839818
2019-03-23 14:44:00,24.99,20.76,1.0,0.0,0.0,1.0,0.0,8.725472586135686
2019-03-23 14:45:00,26.38,20.4,1.0,0.0,0.0,1.0,0.0,8.132179056500533
2019-03-23 14:46:00,34.78,16.91,1.0,0.0,0.0,1.0,0.0,8.495298043014737
2019-03-23 14:47:00,27.02,17.67,1.0,0.0,0.0,1.0,0.0,8.792008579833302
2019-03-23 14:48:00,26.1,18.98,1.0,0.0,0.0,1.0,0.0,8.44972237575216
2019-03-23 14:49:00,34.9,15.45,1.0,0.0,0.0,1.0,0.0,8.831883187465944
2019-03-23 14:50:00,32.77,17.19,1.0,0.0,0.0,1.0,0.0,8.833040571109736
2019-03-23 14:51:00,29.89,17.48,1.0,0.0,0.0,1.0,0.0,8.637929874267696
2019-03-23 14:52:00,29.5,17.76,1.0,0.0,0.0,1.0,0.0,8.672203393457018
2019-03-23 14:53:00,29.08,18.0,1.0,0.0,0.0,1.0,0.0,8.710272065063263
2019-03-23 14:54:00,33.78,17.43,1.0,0.0,0.0,1.0,0.0,8.786832940297423
2019-03-23 14:55:00,28.35,17.91,1.0,0.0,0.0,1.0,0.0,8.74766473600475
2019-03-23 14:56:00,26.59,19.42,1.0,0.0,0.0,1.0,0.0,8.811016957030366
2019-03-23 14:57:00,27.86,18.31,1.0,0.0,0.0,1.0,0.0,8.81791648221574
2019-03-23 14:58:00,30.09,17.37,1.0,0.0,0.0,1.0,0.0,8.774466325639422
2019-03-23 14:59:00,28.17,19.16,1.0,0.0,0.0,1.0,0.0,8.819191511217497
2019-03-23 15:00:00,27.24,18.75,1.0,0.0,0.0,1.0,0.0,8.838587841461521
2019-03-23 15:01:00,29.65,17.81,1.0,0.0,0.0,1.0,0.0,8.80797387938127
2019-03-23 15:02:00,25.58,19.26,1.0,0.0,0.0,1.0,0.0,8.82070012699432
2019-03-23 15:03:00,28.01,17.79,1.0,0.0,0.0,1.0,0.0,8.780470925336765
2019-03-23 15:04:00,32.02,16.95,1.0,0.0,0.0,1.0,0.0,8.749899058817626
2019-03-23 15:05:00,28.46,19.31,1.0,0.0,0.0,1.0,0.0,8.70632842468188
2019-03-23 15:06:00,24.39,20.27,1.0,0.0,0.0,1.0,0.0,8.69744883854982
2019-03-23 15:07:00,28.76,16.6,1.0,0.0,0.0,1.0,0.0,8.650011946250126
2019-03-23 15:08:00,26.11,17.64,1.0,0.0,0.0,1.0,0.0,8.608351131254596
2019-03-23 15:09:00,27.69,17.58,1.0,0.0,0.0,1.0,0.0,8.656443995314701
2019-03-23 15:10:00,28.89,16.49,1.0,0.0,0.0,1.0,0.0,8.654082009610038
2019-03-23 15:11:00,27.86,18.39,1.0,0.0,0.0,1.0,0.0,8.6335319908826
2019-03-23 15:12:00,30.07,18.73,1.0,0.0,0.0,1.0,0.0,8.672694772784372
2019-03-23 15:13:00,32.22,19.12,1.0,0.0,0.0,1.0,0.0,8.441388373900812
2019-03-23 15:14:00,33.6,16.57,1.0,0.0,0.0,1.0,0.0,8.678391273156056
2019-03-23 15:15:00,38.53,18.32,1.0,0.0,0.0,1.0,0.0,8.687713953684938
2019-03-23 15:16:00,36.43,17.82,1.0,0.0,0.0,1.0,0.0,8.513963906254736
2019-03-23 15:17:00,42.36,20.5,1.0,0.0,0.0,1.0,0.0,7.75084040686999
2019-03-23 15:18:00,42.13,21.37,1.0,0.0,0.0,1.0,0.0,7.640793657282184
2019-03-23 15:27:00,16.57,27.32,1.0,0.0,0.0,1.0,0.0,4.2972144683442535
2019-03-23 15:28:00,20.16,27.01,1.0,0.0,0.0,1.0,0.0,4.26918498022832
2019-03-23 15:29:00,22.39,27.01,1.0,0.0,0.0,1.0,0.0,4.299311014378476
2019-03-23 15:30:00,22.61,27.13,1.0,0.0,0.0,1.0,0.0,4.299311014378476
2019-03-23 15:33:00,15.47,29.99,1.0,0.0,0.0,1.0,0.0,4.332177582450575
2019-03-23 15:34:00,20.15,28.39,1.0,0.0,0.0,1.0,0.0,4.299311014378476
2019-03-23 15:35:00,23.13,27.14,1.0,0.0,0.0,1.0,0.0,4.299311014378476
2019-03-23 15:36:00,22.02,27.27,1.0,0.0,0.0,1.0,0.0,4.299311014378476
2019-03-23 15:37:00,16.22,27.9,1.0,0.0,0.0,1.0,0.0,4.294893415821285
2019-03-23 15:38:00,20.89,27.63,1.0,0.0,0.0,1.0,0.0,4.295036460069606
2019-03-23 15:39:00,19.29,29.05,1.0,0.0,0.0,1.0,0.0,4.083570696629296
2019-03-23 15:40:00,20.73,29.12,1.0,0.0,0.0,1.0,0.0,4.265788710189831
2019-03-23 15:41:00,19.09,29.13,1.0,0.0,0.0,1.0,0.0,4.299311014378476
2019-03-23 15:42:00,18.7,29.09,1.0,0.0,0.0,1.0,0.0,4.299311014378476
2019-03-23 15:43:00,18.63,29.13,1.0,0.0,0.0,1.0,0.0,4.299311014378476
2019-03-23 15:44:00,19.04,29.2,1.0,0.0,0.0,1.0,0.0,4.299311014378476
2019-03-23 15:45:00,19.54,29.28,1.0,0.0,0.0,1.0,0.0,4.299311014378476
2019-03-23 15:46:00,18.55,29.33,1.0,0.0,0.0,1.0,0.0,4.299311014378476
2019-03-23 15:48:00,19.0,29.52,1.0,0.0,0.0,1.0,0.0,4.299311014378476
2019-03-23 15:49:00,18.7,29.6,1.0,0.0,0.0,1.0,0.0,4.299311014378476
2019-03-23 15:50:00,19.01,29.69,1.0,0.0,0.0,1.0,0.0,4.299311014378476
2019-03-23 15:51:00,18.4,29.76,1.0,0.0,0.0,1.0,0.0,4.299311014378476
2019-03-23 15:53:00,20.83,30.47,1.0,0.0,0.0,1.0,0.0,4.299311014378476
2019-03-23 15:54:00,20.96,30.74,1.0,0.0,0.0,1.0,0.0,4.299311014378476
2019-03-23 15:55:00,20.76,31.01,1.0,0.0,0.0,1.0,0.0,4.299311014378476
2019-03-23 15:57:00,20.26,31.57,1.0,0.0,0.0,1.0,0.0,4.299311014378476
2019-03-23 15:58:00,20.09,31.86,1.0,0.0,0.0,1.0,0.0,4.299311014378476
2019-03-23 15:59:00,19.52,32.13,1.0,0.0,0.0,1.0,0.0,4.299311014378476
2019-03-23 16:00:00,19.06,32.35,0.0,1.0,0.0,0.0,1.0,4.299311014378476
2019-03-23 16:01:00,18.64,32.49,0.0,1.0,0.0,0.0,1.0,4.299311014378476
2019-03-23 16:02:00,19.24,32.63,0.0,1.0,0.0,0.0,1.0,4.299311014378476
2019-03-23 16:04:00,18.29,30.91,0.0,1.0,0.0,0.0,1.0,4.299311014378476
2019-03-23 16:05:00,18.25,30.91,0.0,1.0,0.0,0.0,1.0,4.299311014378476
2019-03-23 16:06:00,18.13,30.49,0.0,1.0,0.0,0.0,1.0,4.299311014378476
2019-03-23 16:07:00,17.84,33.28,0.0,1.0,0.0,0.0,1.0,4.299311014378476
2019-03-23 16:08:00,17.44,33.37,0.0,1.0,0.0,0.0,1.0,4.299311014378476
2019-03-23 16:11:00,16.81,33.5,0.0,1.0,0.0,0.0,1.0,4.299311014378476
2019-03-23 16:12:00,16.77,33.5,0.0,1.0,0.0,0.0,1.0,4.299311014378476
2019-03-23 16:14:00,16.12,33.54,0.0,1.0,0.0,0.0,1.0,4.299311014378476
2019-03-23 16:15:00,16.17,33.58,0.0,1.0,0.0,0.0,1.0,4.299311014378476
2019-03-23 16:16:00,17.22,31.19,0.0,1.0,0.0,0.0,1.0,4.299311014378476
2019-03-23 16:17:00,16.29,33.65,0.0,1.0,0.0,0.0,1.0,4.299311014378476
2019-03-23 16:23:00,16.22,33.69,0.0,1.0,0.0,0.0,1.0,4.299311014378476
2019-03-23 16:25:00,16.23,33.63,0.0,1.0,0.0,0.0,1.0,4.299311014378476
2019-04-06 10:30:00,41.71,23.96,0.0,0.0,1.0,1.0,0.0,4.300105722897247
2019-04-06 10:31:00,39.07,24.9,0.0,0.0,1.0,1.0,0.0,4.265788710189831
2019-04-06 10:32:00,36.1,25.65,0.0,0.0,1.0,1.0,0.0,4.300105722897247
2019-04-06 10:33:00,33.91,26.73,0.0,0.0,1.0,1.0,0.0,4.300105722897247
2019-04-06 10:34:00,35.95,26.69,0.0,0.0,1.0,1.0,0.0,4.300105722897247
2019-04-06 10:35:00,33.13,27.57,0.0,0.0,1.0,1.0,0.0,4.300105722897247
2019-04-06 10:36:00,33.62,27.1,0.0,0.0,1.0,1.0,0.0,4.300105722897247
2019-04-06 10:37:00,33.73,28.81,0.0,0.0,1.0,1.0,0.0,4.300105722897247
2019-04-06 10:38:00,32.58,27.93,0.0,0.0,1.0,1.0,0.0,4.300105722897247
2019-04-06 10:39:00,34.19,29.16,0.0,0.0,1.0,1.0,0.0,4.300105722897247
2019-04-06 10:40:00,32.31,29.42,0.0,0.0,1.0,1.0,0.0,4.300105722897247
2019-04-06 10:41:00,34.32,29.84,0.0,0.0,1.0,1.0,0.0,4.300105722897247
2019-04-06 10:42:00,29.31,29.6,0.0,0.0,1.0,1.0,0.0,4.300105722897247
2019-04-06 10:43:00,32.56,30.52,0.0,0.0,1.0,1.0,0.0,4.300105722897247
2019-04-06 10:44:00,25.81,30.58,0.0,0.0,1.0,1.0,0.0,4.300105722897247
2019-04-06 10:45:00,22.91,31.86,0.0,0.0,1.0,1.0,0.0,4.300105722897247
2019-04-06 10:46:00,24.48,30.47,0.0,0.0,1.0,1.0,0.0,4.300105722897247
2019-04-06 10:47:00,28.09,30.48,0.0,0.0,1.0,1.0,0.0,4.300105722897247
2019-04-06 10:48:00,24.09,30.76,0.0,0.0,1.0,1.0,0.0,4.300105722897247
2019-04-06 10:49:00,21.21,30.73,0.0,0.0,1.0,1.0,0.0,4.265788710189831
2019-04-06 10:50:00,22.2,30.27,0.0,0.0,1.0,1.0,0.0,4.237716883388473
2019-04-06 10:51:00,22.5,30.43,0.0,0.0,1.0,1.0,0.0,4.238238936925824
2019-04-06 10:52:00,22.26,30.32,0.0,0.0,1.0,1.0,0.0,4.300105722897247
2019-04-06 10:53:00,26.03,27.26,0.0,0.0,1.0,1.0,0.0,4.2385033602118645
2019-04-06 10:54:00,24.77,29.08,0.0,0.0,1.0,1.0,0.0,4.2844303446956085
2019-04-06 10:55:00,23.72,28.93,0.0,0.0,1.0,1.0,0.0,4.265294995213544
2019-04-06 10:56:00,23.94,29.5,0.0,0.0,1.0,1.0,0.0,4.280788675632088
2019-04-06 10:57:00,26.37,27.94,0.0,0.0,1.0,1.0,0.0,4.23940050464768
2019-04-06 10:58:00,22.98,30.29,0.0,0.0,1.0,1.0,0.0,4.235267134677151
2019-04-06 10:59:00,23.04,29.16,0.0,0.0,1.0,1.0,0.0,4.237896897233636
2019-04-06 11:00:00,18.73,32.47,0.0,0.0,1.0,1.0,0.0,4.247102834864872
2019-04-06 11:01:00,24.01,28.64,0.0,0.0,1.0,1.0,0.0,4.257792854000312
2019-04-06 11:02:00,24.47,28.41,0.0,0.0,1.0,1.0,0.0,4.276787340997719
2019-04-06 11:03:00,22.26,29.86,0.0,0.0,1.0,1.0,0.0,4.243056792187225
2019-04-06 11:04:00,23.12,29.13,0.0,0.0,1.0,1.0,0.0,4.2525095893786515
2019-04-06 11:05:00,20.69,30.77,0.0,0.0,1.0,1.0,0.0,4.265788710189831
2019-04-06 11:06:00,22.66,29.43,0.0,0.0,1.0,1.0,0.0,4.2876044185655156
2019-04-06 11:07:00,24.61,28.22,0.0,0.0,1.0,1.0,0.0,4.304478252203349
2019-04-06 11:08:00,25.8,29.15,0.0,0.0,1.0,1.0,0.0,4.334649148915161
2019-04-06 11:09:00,23.25,28.58,0.0,0.0,1.0,1.0,0.0,4.360297263304077
2019-04-06 11:10:00,23.1,29.45,0.0,0.0,1.0,1.0,0.0,4.39725390866985
2019-04-06 11:11:00,21.65,30.55,0.0,0.0,1.0,1.0,0.0,4.382715534426058
2019-04-06 11:12:00,22.42,30.39,0.0,0.0,1.0,1.0,0.0,4.381301277634962
2019-04-06 11:13:00,21.23,31.49,0.0,0.0,1.0,1.0,0.0,4.390157056126283
2019-04-06 11:14:00,20.8,30.7,0.0,0.0,1.0,1.0,0.0,4.484417566262059
2019-04-06 11:15:00,16.84,34.4,0.0,0.0,1.0,1.0,0.0,4.385952819165972
2019-04-06 11:16:00,16.14,34.47,0.0,0.0,1.0,1.0,0.0,4.410484333292101
2019-04-06 11:17:00,23.35,29.34,0.0,0.0,1.0,1.0,0.0,4.420136718942093
2019-04-06 11:18:00,22.71,29.77,0.0,0.0,1.0,1.0,0.0,4.4138544627674055
2019-04-06 11:19:00,22.29,29.98,0.0,0.0,1.0,1.0,0.0,4.431385650293178
2019-04-06 11:20:00,19.69,32.87,0.0,0.0,1.0,1.0,0.0,4.48982273941864
2019-04-06 11:21:00,22.41,29.64,0.0,0.0,1.0,1.0,0.0,4.4007643582041265
2019-04-06 11:22:00,22.08,30.13,0.0,0.0,1.0,1.0,0.0,4.42716398845785
2019-04-06 11:23:00,19.85,32.04,0.0,0.0,1.0,1.0,0.0,4.451453717085941
2019-04-06 11:24:00,20.36,31.84,0.0,0.0,1.0,1.0,0.0,4.4007643582041265
2019-04-06 11:25:00,21.46,30.49,0.0,0.0,1.0,1.0,0.0,4.430232875114024
2019-04-06 11:26:00,21.65,30.35,0.0,0.0,1.0,1.0,0.0,4.428014771303181
2019-04-06 11:27:00,21.79,30.12,0.0,0.0,1.0,1.0,0.0,4.430337136542927
2019-04-06 11:28:00,19.51,31.21,0.0,0.0,1.0,1.0,0.0,4.427623168956896
2019-04-06 11:29:00,22.42,29.23,0.0,0.0,1.0,1.0,0.0,4.496597781928417
2019-04-06 11:30:00,22.47,28.71,0.0,0.0,1.0,1.0,0.0,4.4007643582041265
2019-04-06 11:31:00,22.43,28.8,0.0,0.0,1.0,1.0,0.0,4.500991382395571
2019-04-06 11:32:00,23.31,27.98,0.0,0.0,1.0,1.0,0.0,4.548558918070491
2019-04-06 11:33:00,23.76,27.69,0.0,0.0,1.0,1.0,0.0,4.584684488042544
2019-04-06 11:34:00,25.46,26.64,0.0,0.0,1.0,1.0,0.0,4.813828796018897
2019-04-06 11:35:00,25.84,26.65,0.0,0.0,1.0,1.0,0.0,4.841795649407636
2019-04-06 11:36:00,26.4,26.11,0.0,0.0,1.0,1.0,0.0,4.942627017210599
2019-04-06 11:37:00,20.25,31.59,0.0,0.0,1.0,1.0,0.0,4.4007643582041265
2019-04-06 11:38:00,25.92,26.48,0.0,0.0,1.0,1.0,0.0,5.079214421593432
2019-04-06 11:39:00,28.85,24.18,0.0,0.0,1.0,1.0,0.0,5.135803131791439
2019-04-06 11:40:00,25.97,25.91,0.0,0.0,1.0,1.0,0.0,4.820170235928441
2019-04-06 11:41:00,26.37,26.09,0.0,0.0,1.0,1.0,0.0,5.231552085564159
2019-04-06 11:42:00,26.7,25.66,0.0,0.0,1.0,1.0,0.0,4.925100406033364
2019-04-06 11:43:00,24.17,27.56,0.0,0.0,1.0,1.0,0.0,5.305359295801647
2019-04-06 11:44:00,26.63,25.55,0.0,0.0,1.0,1.0,0.0,5.092222152791469
2019-04-06 11:45:00,29.22,24.69,0.0,0.0,1.0,1.0,0.0,5.303820792054388
2019-04-06 11:46:00,27.61,25.27,0.0,0.0,1.0,1.0,0.0,5.160726197091939
2019-04-06 11:47:00,26.09,26.43,0.0,0.0,1.0,1.0,0.0,5.172108937787931
2019-04-06 11:48:00,24.83,27.26,0.0,0.0,1.0,1.0,0.0,5.231820553067207
2019-04-06 11:49:00,25.08,27.35,0.0,0.0,1.0,1.0,0.0,5.286937599100786
2019-04-06 11:50:00,24.97,27.32,0.0,0.0,1.0,1.0,0.0,5.35295420014461
2019-04-06 11:51:00,27.12,26.54,0.0,0.0,1.0,1.0,0.0,5.527412098679731
2019-04-06 11:52:00,22.3,30.79,0.0,0.0,1.0,1.0,0.0,4.4007643582041265
2019-04-06 11:53:00,28.74,25.51,0.0,0.0,1.0,1.0,0.0,5.577683344240162
2019-04-06 11:54:00,30.26,24.67,0.0,0.0,1.0,1.0,0.0,5.9637512665116885
2019-04-06 11:55:00,28.25,26.68,0.0,0.0,1.0,1.0,0.0,5.721465323515762
2019-04-06 11:56:00,29.84,25.69,0.0,0.0,1.0,1.0,0.0,5.758916917767041
2019-04-06 11:57:00,29.2,24.86,0.0,0.0,1.0,1.0,0.0,6.241845007468378
2019-04-06 11:58:00,23.6,29.21,0.0,0.0,1.0,1.0,0.0,5.741372316448428
2019-04-06 11:59:00,24.8,28.83,0.0,0.0,1.0,1.0,0.0,5.741372316448428
2019-04-06 12:00:00,19.48,31.54,1.0,0.0,0.0,1.0,0.0,5.814172617713297
2019-04-06 12:01:00,23.7,29.24,1.0,0.0,0.0,1.0,0.0,4.653465318001605
2019-04-06 12:02:00,25.79,28.97,1.0,0.0,0.0,1.0,0.0,6.288321110357986
2019-04-06 12:03:00,30.41,25.98,1.0,0.0,0.0,1.0,0.0,6.252418474365357
2019-04-06 12:04:00,25.44,28.15,1.0,0.0,0.0,1.0,0.0,5.845026050950144
2019-04-06 12:05:00,23.67,28.96,1.0,0.0,0.0,1.0,0.0,5.726082478905395
2019-04-06 12:06:00,29.74,25.1,1.0,0.0,0.0,1.0,0.0,6.252418474365357
2019-04-06 12:07:00,24.48,29.05,1.0,0.0,0.0,1.0,0.0,6.287271366302201
2019-04-06 12:08:00,26.32,27.61,1.0,0.0,0.0,1.0,0.0,6.125103255599473
2019-04-06 12:09:00,28.72,25.21,1.0,0.0,0.0,1.0,0.0,5.9249554952538315
2019-04-06 12:10:00,29.6,27.2,1.0,0.0,0.0,1.0,0.0,6.2770353305847895
2019-04-06 12:11:00,28.12,28.2,1.0,0.0,0.0,1.0,0.0,6.27038610273532
2019-04-06 12:12:00,24.3,29.23,1.0,0.0,0.0,1.0,0.0,2.810637576335917
2019-04-06 12:13:00,22.26,30.61,1.0,0.0,0.0,1.0,0.0,5.898415778833264
2019-04-06 12:14:00,21.37,30.98,1.0,0.0,0.0,1.0,0.0,5.780523685357125
2019-04-06 12:15:00,23.55,28.8,1.0,0.0,0.0,1.0,0.0,6.0845511095359575
2019-04-06 12:16:00,25.89,30.2,1.0,0.0,0.0,1.0,0.0,5.664258933194781
2019-04-06 12:17:00,24.37,30.54,1.0,0.0,0.0,1.0,0.0,5.559106920692404
2019-04-06 12:18:00,21.9,30.68,1.0,0.0,0.0,1.0,0.0,5.882929300023958
2019-04-06 12:19:00,25.74,30.33,1.0,0.0,0.0,1.0,0.0,5.664258933194781
2019-04-06 12:20:00,27.23,26.84,1.0,0.0,0.0,1.0,0.0,6.544661577916248
2019-04-06 12:21:00,23.92,29.19,1.0,0.0,0.0,1.0,0.0,5.915769934299599
2019-04-06 12:22:00,24.78,28.95,1.0,0.0,0.0,1.0,0.0,6.663187740965783
2019-04-06 12:23:00,24.27,29.9,1.0,0.0,0.0,1.0,0.0,5.780043135868295
2019-04-06 12:24:00,31.98,24.72,1.0,0.0,0.0,1.0,0.0,6.526871672219668
2019-04-06 12:25:00,24.11,29.67,1.0,0.0,0.0,1.0,0.0,5.753743343539508
2019-04-06 12:26:00,31.55,24.91,1.0,0.0,0.0,1.0,0.0,6.541295064802098
2019-04-06 12:27:00,25.56,30.1,1.0,0.0,0.0,1.0,0.0,5.522276788009226
2019-04-06 12:28:00,23.39,31.4,1.0,0.0,0.0,1.0,0.0,5.58511394811563
2019-04-06 12:29:00,29.58,26.38,1.0,0.0,0.0,1.0,0.0,6.641543145250929
2019-04-06 12:30:00,19.62,33.39,1.0,0.0,0.0,1.0,0.0,6.528720540940366
2019-04-06 12:31:00,26.06,29.72,1.0,0.0,0.0,1.0,0.0,5.522276788009226
2019-04-06 12:32:00,27.83,28.51,1.0,0.0,0.0,1.0,0.0,5.58511394811563
2019-04-06 12:33:00,30.53,25.44,1.0,0.0,0.0,1.0,0.0,6.6454307560153945
2019-04-06 12:34:00,29.08,26.82,1.0,0.0,0.0,1.0,0.0,5.959024045451635
2019-04-06 12:35:00,29.93,25.81,1.0,0.0,0.0,1.0,0.0,6.493500492739649
2019-04-06 12:36:00,29.87,26.77,1.0,0.0,0.0,1.0,0.0,6.11700235597689
2019-04-06 12:37:00,28.26,27.09,1.0,0.0,0.0,1.0,0.0,6.234727972421402
2019-04-06 12:38:00,25.23,30.52,1.0,0.0,0.0,1.0,0.0,5.58511394811563
2019-04-06 12:39:00,31.71,25.8,1.0,0.0,0.0,1.0,0.0,6.265285619272128
2019-04-06 12:40:00,30.95,26.31,1.0,0.0,0.0,1.0,0.0,6.27159429238023
2019-04-06 12:41:00,20.23,32.28,1.0,0.0,0.0,1.0,0.0,6.589332302807075
2019-04-06 12:42:00,29.96,26.84,1.0,0.0,0.0,1.0,0.0,6.284692560876236
2019-04-06 12:43:00,27.05,28.82,1.0,0.0,0.0,1.0,0.0,6.252418474365357
2019-04-06 12:44:00,28.65,27.71,1.0,0.0,0.0,1.0,0.0,6.264026052895261
2019-04-06 12:45:00,22.09,31.2,1.0,0.0,0.0,1.0,0.0,6.414675712764504
2019-04-06 12:46:00,28.59,27.6,1.0,0.0,0.0,1.0,0.0,6.347043449820485
2019-04-06 12:47:00,28.47,28.21,1.0,0.0,0.0,1.0,0.0,6.265859499281465
2019-04-06 12:48:00,33.73,27.26,1.0,0.0,0.0,1.0,0.0,6.403885086120287
2019-04-06 12:49:00,25.64,30.21,1.0,0.0,0.0,1.0,0.0,5.726082478905395
2019-04-06 12:50:00,24.89,29.19,1.0,0.0,0.0,1.0,0.0,5.677183397208406
2019-04-06 12:51:00,29.06,27.33,1.0,0.0,0.0,1.0,0.0,6.343331904226034
2019-04-06 12:52:00,25.36,32.32,1.0,0.0,0.0,1.0,0.0,6.56450789153818
2019-04-06 12:53:00,35.29,29.84,1.0,0.0,0.0,1.0,0.0,6.412230420740351
2019-04-06 12:54:00,24.08,30.02,1.0,0.0,0.0,1.0,0.0,5.63440389626088
2019-04-06 12:55:00,31.6,30.67,1.0,0.0,0.0,1.0,0.0,6.403885086120287
2019-04-06 12:56:00,29.17,31.14,1.0,0.0,0.0,1.0,0.0,6.409845931939822
2019-04-06 12:57:00,24.7,30.02,1.0,0.0,0.0,1.0,0.0,5.522276788009226
2019-04-06 12:58:00,23.05,31.62,1.0,0.0,0.0,1.0,0.0,6.55516867339915
2019-04-06 12:59:00,22.78,30.67,1.0,0.0,0.0,1.0,0.0,5.674959210047783
2019-04-06 13:00:00,24.55,31.92,1.0,0.0,0.0,1.0,0.0,6.263138708197698
2019-04-06 13:01:00,23.64,30.59,1.0,0.0,0.0,1.0,0.0,5.522276788009226
2019-04-06 13:02:00,24.81,31.85,1.0,0.0,0.0,1.0,0.0,6.265285619272128
2019-04-06 13:03:00,29.4,27.4,1.0,0.0,0.0,1.0,0.0,6.470004469616758
2019-04-06 13:04:00,27.08,32.8,1.0,0.0,0.0,1.0,0.0,6.260845684428281
2019-04-06 13:05:00,29.46,27.31,1.0,0.0,0.0,1.0,0.0,6.379696263479719
2019-04-06 13:06:00,24.38,31.47,1.0,0.0,0.0,1.0,0.0,6.264825095847579
2019-04-06 13:07:00,26.42,33.94,1.0,0.0,0.0,1.0,0.0,6.4054388240623386
2019-04-06 13:08:00,26.3,29.99,1.0,0.0,0.0,1.0,0.0,5.72146888768934
2019-04-06 13:09:00,28.15,27.16,1.0,0.0,0.0,1.0,0.0,6.748596405663412
2019-04-06 13:10:00,23.63,31.88,1.0,0.0,0.0,1.0,0.0,6.264825095847579
2019-04-06 13:11:00,22.62,33.5,1.0,0.0,0.0,1.0,0.0,6.263138708197698
2019-04-06 13:12:00,26.23,30.92,1.0,0.0,0.0,1.0,0.0,6.411791219238184
2019-04-06 13:13:00,30.02,31.33,1.0,0.0,0.0,1.0,0.0,6.411791219238184
2019-04-06 13:14:00,24.94,33.71,1.0,0.0,0.0,1.0,0.0,6.260845684428281
2019-04-06 13:15:00,21.37,32.75,1.0,0.0,0.0,1.0,0.0,6.264026052895261
2019-04-06 13:16:00,27.98,32.94,1.0,0.0,0.0,1.0,0.0,6.402478377387044
2019-04-06 13:17:00,21.59,33.76,1.0,0.0,0.0,1.0,0.0,5.532762961666477
2019-04-06 13:18:00,19.54,33.17,1.0,0.0,0.0,1.0,0.0,6.257175902761627
2019-04-06 13:19:00,24.57,34.39,1.0,0.0,0.0,1.0,0.0,6.409845931939822
2019-04-06 13:20:00,21.52,30.36,1.0,0.0,0.0,1.0,0.0,6.4930929462792335
2019-04-06 13:21:00,23.7,34.53,1.0,0.0,0.0,1.0,0.0,6.409845931939822
2019-04-06 13:22:00,24.02,34.58,1.0,0.0,0.0,1.0,0.0,6.409845931939822
2019-04-06 13:23:00,30.94,33.77,1.0,0.0,0.0,1.0,0.0,6.404539698049881
2019-04-06 13:24:00,24.48,34.71,1.0,0.0,0.0,1.0,0.0,6.409845931939822
2019-04-06 13:25:00,18.5,34.61,1.0,0.0,0.0,1.0,0.0,6.426224351670215
2019-04-06 13:26:00,23.99,28.67,1.0,0.0,0.0,1.0,0.0,6.253812677637873
2019-04-06 13:27:00,24.71,31.34,1.0,0.0,0.0,1.0,0.0,6.383321239984876
2019-04-06 13:28:00,20.34,30.97,1.0,0.0,0.0,1.0,0.0,6.598059952816127
2019-04-06 13:29:00,25.09,28.04,1.0,0.0,0.0,1.0,0.0,6.470064944551712
2019-04-06 13:30:00,27.45,26.4,1.0,0.0,0.0,1.0,0.0,6.549526020772802
2019-04-06 13:31:00,27.16,26.57,1.0,0.0,0.0,1.0,0.0,6.560342154787655
2019-04-06 13:32:00,29.25,32.5,1.0,0.0,0.0,1.0,0.0,6.5175632190724135
2019-04-06 13:33:00,27.87,26.61,1.0,0.0,0.0,1.0,0.0,6.560782930138728
2019-04-06 13:34:00,21.6,29.93,1.0,0.0,0.0,1.0,0.0,6.580694463319182
2019-04-06 13:35:00,26.99,32.8,1.0,0.0,0.0,1.0,0.0,6.52131940483833
2019-04-06 13:36:00,26.13,27.94,1.0,0.0,0.0,1.0,0.0,6.55541727234719
2019-04-06 13:37:00,23.53,29.62,1.0,0.0,0.0,1.0,0.0,6.533088083993757
2019-04-06 13:38:00,21.57,32.95,1.0,0.0,0.0,1.0,0.0,6.591444415880855
2019-04-06 13:39:00,17.04,35.2,1.0,0.0,0.0,1.0,0.0,6.445760958182689
2019-04-06 13:40:00,25.48,30.43,1.0,0.0,0.0,1.0,0.0,6.675766763432172
2019-04-06 13:41:00,18.74,35.76,1.0,0.0,0.0,1.0,0.0,6.549634953392846
2019-04-06 13:42:00,25.68,30.85,1.0,0.0,0.0,1.0,0.0,6.675766763432172
2019-04-06 13:43:00,24.04,33.52,1.0,0.0,0.0,1.0,0.0,6.675766763432172
2019-04-06 13:44:00,22.6,34.21,1.0,0.0,0.0,1.0,0.0,6.476899155696066
2019-04-06 13:45:00,27.92,30.94,1.0,0.0,0.0,1.0,0.0,5.532762961666477
2019-04-06 13:46:00,25.96,31.3,1.0,0.0,0.0,1.0,0.0,6.675766763432172
2019-04-06 13:47:00,25.44,34.27,1.0,0.0,0.0,1.0,0.0,6.5207525554116925
2019-04-06 13:48:00,24.8,33.52,1.0,0.0,0.0,1.0,0.0,6.52131940483833
2019-04-06 13:49:00,28.01,31.57,1.0,0.0,0.0,1.0,0.0,6.549634953392846
2019-04-06 13:50:00,28.23,34.12,1.0,0.0,0.0,1.0,0.0,6.518245888883856
2019-04-06 13:51:00,30.55,34.26,1.0,0.0,0.0,1.0,0.0,6.518245888883856
2019-04-06 13:52:00,29.68,30.35,1.0,0.0,0.0,1.0,0.0,6.675766763432172
2019-04-06 13:53:00,31.25,28.8,1.0,0.0,0.0,1.0,0.0,6.555363639709995
2019-04-06 13:54:00,26.32,30.77,1.0,0.0,0.0,1.0,0.0,6.864114400722073
2019-04-06 13:55:00,30.68,29.52,1.0,0.0,0.0,1.0,0.0,6.347685831970539
2019-04-06 13:56:00,24.13,34.4,1.0,0.0,0.0,1.0,0.0,6.5207525554116925
2019-04-06 13:57:00,28.88,29.66,1.0,0.0,0.0,1.0,0.0,6.675766763432172
2019-04-06 13:58:00,29.97,30.04,1.0,0.0,0.0,1.0,0.0,6.549634953392846
2019-04-06 13:59:00,31.93,28.57,1.0,0.0,0.0,1.0,0.0,7.151610360918506
2019-04-06 14:00:00,27.59,31.26,1.0,0.0,0.0,1.0,0.0,6.411791219238184
2019-04-06 14:01:00,34.43,27.51,1.0,0.0,0.0,1.0,0.0,9.906897153859116
2019-04-06 14:02:00,19.38,33.53,1.0,0.0,0.0,1.0,0.0,6.551421019712063
2019-04-06 14:03:00,35.5,27.57,1.0,0.0,0.0,1.0,0.0,6.495172948581753
2019-04-06 14:04:00,23.68,29.56,1.0,0.0,0.0,1.0,0.0,6.652768558780988
2019-04-06 14:05:00,36.72,26.73,1.0,0.0,0.0,1.0,0.0,6.411791219238184
2019-04-06 14:06:00,36.49,26.79,1.0,0.0,0.0,1.0,0.0,5.532762961666477
2019-04-06 14:07:00,38.72,26.13,1.0,0.0,0.0,1.0,0.0,6.756277433678681
2019-04-06 14:08:00,33.97,27.83,1.0,0.0,0.0,1.0,0.0,7.449320504726532
2019-04-06 14:09:00,29.14,28.11,1.0,0.0,0.0,1.0,0.0,7.121014896209241
2019-04-06 14:10:00,33.2,28.62,1.0,0.0,0.0,1.0,0.0,6.642986366416859
2019-04-06 14:11:00,29.94,27.11,1.0,0.0,0.0,1.0,0.0,7.279908526205808
2019-04-06 14:12:00,27.84,28.62,1.0,0.0,0.0,1.0,0.0,7.3335508877010245
2019-04-06 14:13:00,43.18,24.19,1.0,0.0,0.0,1.0,0.0,7.548971131835252
2019-04-06 14:14:00,27.58,28.81,1.0,0.0,0.0,1.0,0.0,7.563648352095806
2019-04-06 14:15:00,33.17,28.69,1.0,0.0,0.0,1.0,0.0,6.411791219238184
2019-04-06 14:16:00,46.42,23.27,1.0,0.0,0.0,1.0,0.0,7.543541068385584
2019-04-06 14:17:00,28.66,28.13,1.0,0.0,0.0,1.0,0.0,7.811308125009332
2019-04-06 14:18:00,29.83,29.6,1.0,0.0,0.0,1.0,0.0,6.675766763432172
2019-04-06 14:19:00,35.04,26.39,1.0,0.0,0.0,1.0,0.0,7.039394099716016
2019-04-06 14:20:00,36.44,26.08,1.0,0.0,0.0,1.0,0.0,7.091138861328596
2019-04-06 14:21:00,30.33,28.03,1.0,0.0,0.0,1.0,0.0,8.087893381731494
2019-04-06 14:22:00,28.62,28.92,1.0,0.0,0.0,1.0,0.0,7.011185330983967
2019-04-06 14:23:00,35.53,27.0,1.0,0.0,0.0,1.0,0.0,7.07943885798835
2019-04-06 14:24:00,31.34,27.42,1.0,0.0,0.0,1.0,0.0,7.158315998586691
2019-04-06 14:25:00,34.31,26.9,1.0,0.0,0.0,1.0,0.0,6.859369754362848
2019-04-06 14:26:00,38.18,26.25,1.0,0.0,0.0,1.0,0.0,8.490098113186697
2019-04-06 14:27:00,38.83,26.0,1.0,0.0,0.0,1.0,0.0,8.482532950894258
2019-04-06 14:28:00,35.51,26.29,1.0,0.0,0.0,1.0,0.0,7.011185330983967
2019-04-06 14:29:00,35.59,26.4,1.0,0.0,0.0,1.0,0.0,7.011185330983967
2019-04-06 14:30:00,29.33,30.07,1.0,0.0,0.0,1.0,0.0,7.131902315449409
2019-04-06 14:31:00,29.54,29.76,1.0,0.0,0.0,1.0,0.0,7.11573820884339
2019-04-06 14:32:00,34.2,28.58,1.0,0.0,0.0,1.0,0.0,7.241155323982755
2019-04-06 14:33:00,32.18,28.6,1.0,0.0,0.0,1.0,0.0,7.172755290365877
2019-04-06 14:34:00,44.07,24.38,1.0,0.0,0.0,1.0,0.0,8.806427556544058
2019-04-06 14:35:00,42.42,25.03,1.0,0.0,0.0,1.0,0.0,8.803599300061284
2019-04-06 14:36:00,40.4,25.0,1.0,0.0,0.0,1.0,0.0,7.414069726124798
2019-04-06 14:37:00,34.2,26.31,1.0,0.0,0.0,1.0,0.0,8.640704665023518
2019-04-06 14:38:00,37.64,26.54,1.0,0.0,0.0,1.0,0.0,8.833187174411245
2019-04-06 14:39:00,45.95,22.76,1.0,0.0,0.0,1.0,0.0,7.557187486159261
2019-04-06 14:40:00,35.4,25.86,1.0,0.0,0.0,1.0,0.0,8.660070792909686
2019-04-06 14:41:00,40.16,25.6,1.0,0.0,0.0,1.0,0.0,7.694652614517689
2019-04-06 14:42:00,31.54,28.87,1.0,0.0,0.0,1.0,0.0,6.675766763432172
2019-04-06 14:43:00,34.28,29.11,1.0,0.0,0.0,1.0,0.0,8.847206690458657
2019-04-06 14:44:00,52.74,20.93,1.0,0.0,0.0,1.0,0.0,8.122622036651736
2019-04-06 14:45:00,50.14,21.9,1.0,0.0,0.0,1.0,0.0,9.387371618957326
2019-04-06 14:46:00,49.61,22.25,1.0,0.0,0.0,1.0,0.0,8.122978252304241
2019-04-06 14:47:00,31.82,29.7,1.0,0.0,0.0,1.0,0.0,8.850026076685566
2019-04-06 14:48:00,31.53,29.85,1.0,0.0,0.0,1.0,0.0,8.866554404742915
2019-04-06 14:49:00,40.91,24.82,1.0,0.0,0.0,1.0,0.0,8.67208917574717
2019-04-06 14:50:00,40.87,26.73,1.0,0.0,0.0,1.0,0.0,8.189638023864765
2019-04-06 14:51:00,49.14,22.23,1.0,0.0,0.0,1.0,0.0,8.142892751795953
2019-04-06 14:52:00,37.62,26.79,1.0,0.0,0.0,1.0,0.0,8.12226238802898
2019-04-06 14:53:00,34.88,27.86,1.0,0.0,0.0,1.0,0.0,8.834984826630993
2019-04-06 14:54:00,46.95,23.0,1.0,0.0,0.0,1.0,0.0,8.506500609461089
2019-04-06 14:55:00,29.16,30.86,1.0,0.0,0.0,1.0,0.0,8.83087447485749
2019-04-06 14:56:00,42.51,23.96,1.0,0.0,0.0,1.0,0.0,8.411138107542477
2019-04-06 14:57:00,54.13,20.42,1.0,0.0,0.0,1.0,0.0,8.792523460851957
2019-04-06 14:58:00,49.22,21.92,1.0,0.0,0.0,1.0,0.0,8.758148865711208
2019-04-06 14:59:00,53.73,20.53,1.0,0.0,0.0,1.0,0.0,8.841137964015635
2019-04-06 15:00:00,40.32,25.32,1.0,0.0,0.0,1.0,0.0,8.300077811911152
2019-04-06 15:01:00,48.06,22.63,1.0,0.0,0.0,1.0,0.0,8.82723872335201
2019-04-06 15:02:00,39.6,25.34,1.0,0.0,0.0,1.0,0.0,8.694400426395942
2019-04-06 15:03:00,49.65,22.36,1.0,0.0,0.0,1.0,0.0,8.783246386515643
2019-04-06 15:04:00,47.56,23.36,1.0,0.0,0.0,1.0,0.0,8.764566691571343
2019-04-06 15:05:00,42.31,24.36,1.0,0.0,0.0,1.0,0.0,8.707242217272864
2019-04-06 15:06:00,42.79,24.72,1.0,0.0,0.0,1.0,0.0,8.709626863255494
2019-04-06 15:07:00,42.1,24.5,1.0,0.0,0.0,1.0,0.0,8.716585121624092
2019-04-06 15:08:00,39.3,27.05,1.0,0.0,0.0,1.0,0.0,8.707611237856941
2019-04-06 15:09:00,35.41,26.82,1.0,0.0,0.0,1.0,0.0,8.707611237856941
2019-04-06 15:10:00,42.4,26.18,1.0,0.0,0.0,1.0,0.0,8.702480147075374
2019-04-06 15:11:00,36.46,29.16,1.0,0.0,0.0,1.0,0.0,8.300077811911152
2019-04-06 15:12:00,36.86,27.99,1.0,0.0,0.0,1.0,0.0,8.701759665095267
2019-04-06 15:13:00,31.3,29.39,1.0,0.0,0.0,1.0,0.0,8.69873483054237
2019-04-06 15:14:00,33.32,28.71,1.0,0.0,0.0,1.0,0.0,8.699461972581652
2019-04-06 15:15:00,36.37,27.99,1.0,0.0,0.0,1.0,0.0,8.625734049154547
2019-04-06 15:16:00,33.43,27.87,1.0,0.0,0.0,1.0,0.0,8.637088592143364
2019-04-06 15:17:00,33.04,29.9,1.0,0.0,0.0,1.0,0.0,8.300077811911152
2019-04-06 15:18:00,50.19,28.52,1.0,0.0,0.0,1.0,0.0,8.764566691571343
2019-04-06 15:19:00,43.59,28.9,1.0,0.0,0.0,1.0,0.0,8.764566691571343
2019-04-06 15:20:00,36.84,31.31,1.0,0.0,0.0,1.0,0.0,7.691077564132018
2019-04-06 15:21:00,39.96,26.93,1.0,0.0,0.0,1.0,0.0,8.628391311642726
2019-04-06 15:22:00,36.44,30.0,1.0,0.0,0.0,1.0,0.0,7.643291467076153
2019-04-06 15:23:00,31.31,31.72,1.0,0.0,0.0,1.0,0.0,7.900896974175427
2019-04-06 15:24:00,30.71,32.06,1.0,0.0,0.0,1.0,0.0,7.800330209337968
2019-04-06 15:25:00,35.62,31.0,1.0,0.0,0.0,1.0,0.0,7.2947142873406206
2019-04-06 15:26:00,41.95,29.29,1.0,0.0,0.0,1.0,0.0,7.453092301738562
2019-04-06 15:27:00,30.01,32.43,1.0,0.0,0.0,1.0,0.0,7.247544706976062
2019-04-06 15:28:00,28.96,33.37,1.0,0.0,0.0,1.0,0.0,6.87206362403077
2019-04-06 15:29:00,28.34,32.82,1.0,0.0,0.0,1.0,0.0,6.7706554548835385
2019-04-06 15:30:00,29.46,34.0,1.0,0.0,0.0,1.0,0.0,6.690683162370775
2019-04-06 15:31:00,46.21,33.92,1.0,0.0,0.0,1.0,0.0,7.467167781937928
2019-04-06 15:32:00,32.62,33.67,1.0,0.0,0.0,1.0,0.0,6.122862780721147
2019-04-06 15:33:00,28.79,33.88,1.0,0.0,0.0,1.0,0.0,5.796865794872983
2019-04-06 15:34:00,32.5,34.7,1.0,0.0,0.0,1.0,0.0,5.5310100978704755
2019-04-06 15:35:00,30.22,33.79,1.0,0.0,0.0,1.0,0.0,4.817374480779288
2019-04-06 15:36:00,22.63,35.11,1.0,0.0,0.0,1.0,0.0,4.278665048165528
2019-04-06 15:37:00,29.58,34.75,1.0,0.0,0.0,1.0,0.0,4.5101473991094805
2019-04-06 15:38:00,20.53,34.34,1.0,0.0,0.0,1.0,0.0,4.300105722897247
2019-04-06 15:39:00,45.1,35.9,1.0,0.0,0.0,1.0,0.0,4.757975974423673
2019-04-06 15:40:00,23.63,34.09,1.0,0.0,0.0,1.0,0.0,4.241237421633698
2019-04-06 15:41:00,21.85,34.04,1.0,0.0,0.0,1.0,0.0,4.294098164830636
2019-04-06 15:42:00,23.18,34.23,1.0,0.0,0.0,1.0,0.0,4.251753312824076
2019-04-06 15:43:00,25.39,35.9,1.0,0.0,0.0,1.0,0.0,4.265788710189831
2019-04-06 15:45:00,26.32,31.81,1.0,0.0,0.0,1.0,0.0,4.303785625823179
2019-04-06 15:46:00,22.54,33.48,1.0,0.0,0.0,1.0,0.0,4.300105722897247
2019-04-06 15:47:00,28.23,31.14,1.0,0.0,0.0,1.0,0.0,4.300105722897247
2019-04-06 15:48:00,28.05,30.38,1.0,0.0,0.0,1.0,0.0,4.300105722897247
2019-04-06 15:49:00,28.07,31.13,1.0,0.0,0.0,1.0,0.0,4.300105722897247
2019-04-06 15:50:00,25.6,32.32,1.0,0.0,0.0,1.0,0.0,4.300105722897247
2019-04-06 15:51:00,27.65,31.1,1.0,0.0,0.0,1.0,0.0,4.300105722897247
2019-04-06 15:52:00,27.77,30.95,1.0,0.0,0.0,1.0,0.0,4.300105722897247
2019-04-06 15:53:00,28.58,30.96,1.0,0.0,0.0,1.0,0.0,4.300105722897247
2019-04-06 15:54:00,27.41,31.01,1.0,0.0,0.0,1.0,0.0,4.300105722897247
2019-04-06 15:55:00,27.19,31.08,1.0,0.0,0.0,1.0,0.0,4.300105722897247
